,Row.names,Phylum,Class,Order,Family,Genus,Species,Confidence,OTUs,x,ID
1,00d6c8125b9a2f4682c89a2ac69e593e,Firmicutes,Bacilli,Lactobacillales,Lactobacillaceae,Lactobacillus,Lactobacillus,0.9999978,00d6c8125b9a2f4682c89a2ac69e593e,TTATCCGGATTTATTGGGCATAAAGCGAGCGCAGGCGGTTGCTTAGGTCTGATGTGAAAGCCTTCGGCTTAACCGAAGAAGTGCATCGGAAACCGGGCGACTTGAGTGCAGAAGAGGACAGTGGAACTCCATGTGTAGCGGTGGAATGCGTAGATATATGGAAGAACACCAGTGGCGAAGGCGGCTGTCTGGTCTGCAACTGACGCTGAGGCTCGA,00d6c8125b9a2f4682c89a2ac69e593e
4,02ec64cf74b7bb6c3a558a711294a420,Firmicutes,Bacilli,Lactobacillales,Lactobacillaceae,Lactobacillus,Lactobacillus,1,02ec64cf74b7bb6c3a558a711294a420,TTGTCCGGATTTATTGGGCGTAAAGCGAGTGCAGGCGGTTCAATAAGTCTGATGTGAAAGCCTTCGGCTCAACCGGAGAATTGCATCAGAAACTGTTGAACTTGAGTGCAGAAGAGGAGAGTGGAACTCCATGTGTAGCGGTGGAATGCGTAGATATATGGAAGAACACCAGTGGCGAAGGCGGCTCTCTGGTCTGCAACTGACGCTGAGGCTCGA,02ec64cf74b7bb6c3a558a711294a420
9,0ccda82eb40a7543f3ef58e482e5dbb3,Firmicutes,Bacilli,Lactobacillales,Lactobacillaceae,Lactobacillus,Lactobacillus,0.9999942,0ccda82eb40a7543f3ef58e482e5dbb3,TTATCCGGATTTATTGGGCGTAAAGCGAGCGCAGGCGGTTGCTTAGGTCTGATGTGAAAGCCTTCGGCTTAACCGAAGAAGTGCATCGGAAACCGGGCGACTTAAGTGCAGAAGAGGATAGTGGAACTCCATGTGTAGCGGTGGAATGCGTAGATATATGGAAGAACACCAGTGGCGAAGGCGGCTGTCTGGTCTGCAACTGACGCTGAGGCTCGA,0ccda82eb40a7543f3ef58e482e5dbb3
13,116777aa568b5d5bdbde51cbbdcf7c02,Firmicutes,Bacilli,Lactobacillales,Lactobacillaceae,Lactobacillus,Lactobacillus,0.9999979,116777aa568b5d5bdbde51cbbdcf7c02,TTGTCCGGATTTATTGGGCGTAAAGCGAGCGCAGGCGGAAAAATAAGTCTAATGTTAAAGCCCTCGGCTTAACCGAGGAACTGCATCGGAAACTGTTTTTCTTGAGTGCAGAAGAGGAGAGTGGAACTCCATGTGTAGTGGTGGAATGCGTAGATATATGGAATAACACCAGTGTCGAAGGCGGCTCTCTGGTCTGCAACTGACGCTGAGGCTCGA,116777aa568b5d5bdbde51cbbdcf7c02
15,1485ccdfd822c7f145f97bb743985aed,Firmicutes,Bacilli,Lactobacillales,Lactobacillaceae,Lactobacillus,Lactobacillus,0.9979204,1485ccdfd822c7f145f97bb743985aed,TTGTCCGGATTTATTGGGCGTAAAGCGAGCGCAGGCGGAATGATAAGTCTGATGTGAAAGCCCACGGCTCAACCGTGGAACTGCATCGGAAACTGTCATTCTTGAGTGCAGAAGAGGAGAGTGGAACTCCATGTGTAGCGGTGGAATGCGTAGATATATGGAAGAACACCAGTGGCGAAGGCGGCTCTCTGGTCTGCAACTGACGCTGAGGCTCGA,1485ccdfd822c7f145f97bb743985aed
16,15add795169d0e5187721dcece104f0f,Firmicutes,Bacilli,Lactobacillales,Lactobacillaceae,Lactobacillus,Lactobacillus,0.9999992,15add795169d0e5187721dcece104f0f,TTGTCCGGATTTATTGGGCGTAAAGCGAGCGCAGGCGTAAGAATAAGTCTGATGTGAAAGCCCTCGGCTTAACCGAGGAACTGCATCGGAAACTGTTTTTCTTGAGTGCAGAAGAGGAGAGTGGAACTCCATGTGTAGCGGTGGAATGCGTAGATATATGGAAGAACACCAGTGGCGAAGGCGGCTCTCTGGTCTGCAACTGACGCTGAGGCTCGA,15add795169d0e5187721dcece104f0f
17,171db9ca0fa58172011eafc6d633b852,Firmicutes,Bacilli,Lactobacillales,Lactobacillaceae,Lactobacillus,Lactobacillus,0.9999995,171db9ca0fa58172011eafc6d633b852,TTGTCCGGATTTATTGGGCGTAAAGCGAGCGCAGGCGGAAGAATAAGTCTGATGTGAAAGCCCTCGGCTTAACCGAGGAACTGCATCGGAAACTGTTTTTCTTGAGTGCAGAAGAGGAGAGTGGAACTCCATGTGTAGCGGTGGAATGCGTAGATATATGGAAGAACACCAGTGGCGAAGGCGGCTGTCTGGTCTGCAACTGACACTGAGGCTCGA,171db9ca0fa58172011eafc6d633b852
18,1a6842362e46daf8cb10a96f79573900,Firmicutes,Bacilli,Lactobacillales,Lactobacillaceae,Lactobacillus,Lactobacillus,0.9999994,1a6842362e46daf8cb10a96f79573900,TTGTCCGGATTTATTGGGCGTAAAGCGAGCGCAGGCGGAAAAATAAGTCTAATGTGAAAGCCCTCGGCTTAACCGAGGAATTGCATCGGAAACTGTTTTTCTTGAGTGCAGAAGAGGAGAGTGGAACTCCATGTGTAGCGGTGGAATGCGTAGATATATGGAAGAACACCAGTGGCGAAGGCGGCTCTCTGGTCTGCAACTGACGCTGAGGCTCGA,1a6842362e46daf8cb10a96f79573900
19,1c081fcd670456c92281cac151550e82,Firmicutes,Bacilli,Lactobacillales,Lactobacillaceae,Lactobacillus,Lactobacillus,0.9999984,1c081fcd670456c92281cac151550e82,TTGTCCGGATTTATTGGGCGTAAAGCGAGCGCAGGAGGAAGAATAAGTCTGATGTGAAAGCCCTCGGCTTAACCGAGGAACTGCATCGGAAACTGTTTTTCTTGAGTGCAGAAGAGGAGAGTGGAACTCCATGCGTAGCGGTGGAATGCGTAGATATATGGAAGAACACCAGTGGCGAAGGCGGCTCTCTGGTCTGCAACTGACGCTGAGGCTCGA,1c081fcd670456c92281cac151550e82
20,1e47fda5135d753d8729b34482580cdc,Firmicutes,Bacilli,Lactobacillales,Lactobacillaceae,Lactobacillus,Lactobacillus,0.9999934,1e47fda5135d753d8729b34482580cdc,TTGTCCGGATTTATTGGGCGTAAAGCGAGCGCAGGCGGAAAAATAAGTCTAATGTGAAAGCCCTTGGCTTAACCGAGGAACTGCATCGGAAACTGTTTTTCTTGAGTGCAGAAGAGGAGAGTGGAACTCCATGTGTAGCGGTGGAATGCGTAGATATATGGAAGAACACCAGTGGCGAAGGCGGCTCTCTGGTCTGCAACTGACGCTGAGGCTCGA,1e47fda5135d753d8729b34482580cdc
21,20bb42da3eb7035827a2194c9c4e8af9,Firmicutes,Bacilli,Lactobacillales,Lactobacillaceae,Lactobacillus,Lactobacillus,0.9999888,20bb42da3eb7035827a2194c9c4e8af9,TTATCCGGATTTATTGGGCGTAAAGCGAGCGCAGGCAGTTGCTTAGGTCTGATGTGAAAGCCTTCGGCTTAACCGAAGAAGTGCATCGGAAACCGGGCGACTTGAGTGCAGAAGAGGACAGTGGAACTCCATGTGTAGCGGTGGAATGCGTAGATATATGGAAGAACGCCAGTGGCGAAGGCGGCTGTCTGGTCTGCAACTGACGCTGAGGCTCGA,20bb42da3eb7035827a2194c9c4e8af9
22,22ea8ee151595bd939048751410c60de,Firmicutes,Bacilli,Lactobacillales,Lactobacillaceae,Lactobacillus,Lactobacillus,1,22ea8ee151595bd939048751410c60de,TTGTCCGGATTTATTGGGCGTAAAGCGAGTGCAGGCGGTTCAATAAGTCTGATGTGAAAGCCTTCGGCTCAACCGGAGAATTGCATCAGAAACTGTTGAACTTGAGTGCAGAAGAGGAGAGTGGAACTCCATGTGTAGCGGTGGAATGCGTAGATATATGGAAGAACACCAGTGGCGAAGGCGGCTCTCTGGTCAGCAACTGACGCTGAGGCTCGA,22ea8ee151595bd939048751410c60de
23,23a2ad257fb2d9f8509eb48fee7d8afe,Firmicutes,Bacilli,Lactobacillales,Lactobacillaceae,Lactobacillus,Lactobacillus,0.9999999,23a2ad257fb2d9f8509eb48fee7d8afe,TTATCCGGATTTATTGGGCGTAAAGCGAGCGCAGGCGGAAGAATAAGTCTGATGTGAAAGCCCTCGGCTTAACCGAGGAACTGCATCGGAAACTGTTTTTCTTGAGTGCAGAAGAGGAGAGTGGAACTCCATGTGTAGCGGTGGAATGCGTAGATATATGGAAGAACACCAGTGGCGAAGGCGGCTCTCTGGTCTGCAACTGACGCTGAGGCTCGA,23a2ad257fb2d9f8509eb48fee7d8afe
24,241e5cb5b87706fb5e01a3db7f19a7cf,Firmicutes,Bacilli,Lactobacillales,Lactobacillaceae,Lactobacillus,Lactobacillus,0.9999997,241e5cb5b87706fb5e01a3db7f19a7cf,TTGTCCGGATTTATTGGGCGTAAAGCGAGCGCAGGCGGAAAGATAAGTCTGAAGTGAAAGCCCCCGGCTTAACCGGGGAACTGCTTCGGAAACTGTCCTTCTTGAGTTCAGAAGAGGAGAGTGGAACTCCATGTGTAGCGGTGGAATGCGTAGATATATGGAAGAACACCAGTGGCGAAGGCGGCTGTCTGGTCTGCAACTGACGCTGAGGCTCGA,241e5cb5b87706fb5e01a3db7f19a7cf
25,257be68f54b8cc9811159f1704bf477c,Firmicutes,Bacilli,Lactobacillales,Lactobacillaceae,Lactobacillus,Lactobacillus,0.9999914,257be68f54b8cc9811159f1704bf477c,TTGTCCGGATTTATTGGGCGTAAAGCGAGCGCAGGCGGAAAGATAAGTCTGGAGTGAAAGCCCCCGGCTTAACCGAGGAACTGCTTCGGAAACTGTCCTTCTTGAGTGCAGAAGAGGAGAGTGGAACTCCATGTGTAGCGGTGGAATGCGTAGATATATGGAAGAACACCAGTGGCGAAGGCGGCTCTCTGGTCTGCAACTGACGCTGAGGCTCGA,257be68f54b8cc9811159f1704bf477c
26,26934dcf9c8a4f3bc00ddbb5bbc26553,Firmicutes,Bacilli,Lactobacillales,Lactobacillaceae,Lactobacillus,Lactobacillus,0.9951366,26934dcf9c8a4f3bc00ddbb5bbc26553,TTGTCCGGATTTATTGGGCGTAAAGCGAGCGCAGGCGGAATGATAAGTCTGATGTGAAAGCCCACGGCTCAACCGTGGAACTGCATCGGAAACTGTCATTCTTGAGTGCAGAAGGGGAGAGTGGAACTCCATGTGTAGCGGTGGAATGCGTAGATATATGGAAGAACACCAGTGGCGAAGGCGGCTCTCTGGTCTGCAACTGACGCTGAGGCTCGA,26934dcf9c8a4f3bc00ddbb5bbc26553
27,27a628aeb857e4670e4a59e0d170f20a,Firmicutes,Bacilli,Lactobacillales,Lactobacillaceae,Lactobacillus,Lactobacillus,0.9999986,27a628aeb857e4670e4a59e0d170f20a,TTATCCGGATTTATTGGGCGTAAAGCGAGCGCAGGCGGAAAAATAAGTCTAATGTGAAAGCCCTCGGCTTAACCGAGGAACTGCATCGGAAACTGTTTTTCTTGAGTGCAGAAGAGGAGAGTGGAACTCCATGTGTAGCGGTGGAATGCGTAGATATATGGAAGAACACCAGTGGCGAAGGCGGCTCTCTGGTCTGCAACTGACGCTGAGGCGCGA,27a628aeb857e4670e4a59e0d170f20a
28,287cb1f2eb395b5c2450a41b79c03e2e,Firmicutes,Bacilli,Lactobacillales,Lactobacillaceae,Lactobacillus,Lactobacillus,0.999999,287cb1f2eb395b5c2450a41b79c03e2e,TTGTCCGGATTTATTGGGCGTAAAGCGAGCGCAGGCGGAAAAATAAGTCTAATGTGAAAGCCCTCGGCTTAACCGAGGAACTGCATCGGAAACTGTTTTTCTTGAGTGCAGAAGAGGGGAGTGGAACTCCATGTGTAGCGGTGGAATGCGTAGATATATGGAAGAACACCAGTGGCGAAGGCGGCTCTCTGGTCTGCAACTGACGCTGAGGCTCGA,287cb1f2eb395b5c2450a41b79c03e2e
29,29d40d4266ffd963289f26c974df2f79,Firmicutes,Bacilli,Lactobacillales,Lactobacillaceae,Lactobacillus,Lactobacillus,0.9999997,29d40d4266ffd963289f26c974df2f79,TTGTCCGGATTTATTGGGCGTAAAGCGAGCGCAGGCGGAAAGATAAGTCTGAAGTGAAAGCCCCCGGCTTAACCGGGGAACTGCTTCGGAAACTGTCCTTCTTGAGTGCAGAAGAGGAGAGTGGAACTCCATGTGTAGCGGTGGAATGCGTATATATATGGAAGAACACCAGTGGCGAAGGCGGCTCTCTGGTCTGCAACTGACGCTGAGGCTCGA,29d40d4266ffd963289f26c974df2f79
31,2d4edb0c94b97162b50e900299d812ad,Firmicutes,Bacilli,Lactobacillales,Lactobacillaceae,Lactobacillus,Lactobacillus,0.9999995,2d4edb0c94b97162b50e900299d812ad,TTGTCCGGATTTATTGGGCGTAAAGGGAACGCAGGCGGTCTTTTAAGTCTGATGTGAAAGCCTTCGGCTTAACCGGAGTAGTACATTGGAAACTGGAAGACTTGAGTGCAGAAGAGGAGAGTGGAACTCCATGTGTAGCGGTGAAATGCGTAGATATATGGAAGAACACCAGTGGCGAAAGCGGCTCTCTGGTCTGTAACTGACGCTGAGGTTCGA,2d4edb0c94b97162b50e900299d812ad
32,2db2fb8f5201b215ee22dc54796f3c22,Firmicutes,Bacilli,Lactobacillales,Lactobacillaceae,Lactobacillus,Lactobacillus,0.9999991,2db2fb8f5201b215ee22dc54796f3c22,TTGTCCGGATTTATTGGGCGTAAAGCGAGCGCAGGCGGAAAAATAAGTCTAATGTGAAAGCCCTCGGCTTAACCGAGGAACTGCATCGGAAACTGTTTTTCTTGAGTGCAGAAGAGGAGAGTGGAACTCCATGTGTAGCGGTGGAATGCGTAGATATATGGAAGAACACCGGTGGCGAAGGCGGCTCTCTGGTCTGCAACTGACGCTGAGGCTCGA,2db2fb8f5201b215ee22dc54796f3c22
33,2e1393f4306ce65796dccf5c48c361e3,Firmicutes,Bacilli,Lactobacillales,Lactobacillaceae,Lactobacillus,Lactobacillus,0.9999829,2e1393f4306ce65796dccf5c48c361e3,TTATCCGGATTTATTGGGCGTAAAGCGAGCGCAGGCGGTTGCTTAGGTCTGATGTGAAAGCCTTCGGCTTAACCGAAGAAGTGCATCGGAAACCGGGCAACTTGAGTGCAGAAGAGGACAGTGGAACTCCATGTGTAGCGGTGGAATGCGTAGATATATGGAAGAACACCAGTGGCGAAGGCGGCTGTCTGGTCTGCGACTGACGCTGAGGCTCGA,2e1393f4306ce65796dccf5c48c361e3
35,31ca846f6baabc31c5836580a7ffeb5c,Firmicutes,Bacilli,Lactobacillales,Lactobacillaceae,Lactobacillus,Lactobacillus,0.9942816,31ca846f6baabc31c5836580a7ffeb5c,TTATCCGGATTTATTGGGCGTAAAGCGAGCGCAGGCGGAATGATAAGTCTGATGTGAAAGCCCACGGCTCAACCGTGGAACTGCATCGGAAACTGTCATTCTTGAGTGCAGAAGAGGAGAGTGGAACTCCATGTGTAGCGGTGGAATGCGTAGATATATGGAAGAACACCAGTGGCGAATGCGGCTCTCTGGTCTGCAACTGACGCTGAGGCTCGA,31ca846f6baabc31c5836580a7ffeb5c
36,32cf6f61fc02d77880ecb1f35ae0d5cf,Firmicutes,Bacilli,Lactobacillales,Lactobacillaceae,Lactobacillus,Lactobacillus,0.9988468,32cf6f61fc02d77880ecb1f35ae0d5cf,TTATCCGGATTTATTGGGCGTAAAGCGAGCGCAGGCGGTTACTTAAGTCTGATGTGAAAGCCTTCGGCTTAACCGAAGAAGTGCATCGGAAACTGGGGGACTTGAGTGCAGAAGAGGACAGTGGAACTCCATGTGTAGCGGTGGAATGCGTAGATATATGGAAGAACACCAGTGGCGAAGGCGGCTGTCTGGTCTGCAACTGACGCTGAGGCTCGA,32cf6f61fc02d77880ecb1f35ae0d5cf
39,37035b8c6a3b3a57673cd162efdd9826,Firmicutes,Bacilli,Lactobacillales,Lactobacillaceae,Lactobacillus,Lactobacillus,0.9999915,37035b8c6a3b3a57673cd162efdd9826,TTGTCCGGATTTATTGGGCGTAAAGCGAGCGCAGGCGGAAAGATAAGTCTAATGTGAAAGCCCTCGGCTTAACCGAGGAACTGCATCGGAAACTGTTTTTCTTGAGTGCAGAAGAGGAGAGTGGAACTCCATGTGTAGCTGTGGAATGCGTAGATATATGGAAGAACACCAGTGGCGAAGGCGGCTCTCTGGTCTGCAACTGACGCTGAGGCTCGA,37035b8c6a3b3a57673cd162efdd9826
40,3786ab89787bab2fc9feae7c055d6892,Firmicutes,Bacilli,Lactobacillales,Lactobacillaceae,Lactobacillus,Lactobacillus,0.9998309,3786ab89787bab2fc9feae7c055d6892,TTGTCCGGATTTATTGGGCGTAAAGCGAGCGCAGGCGGATAAATAAGTCTGATGTGAAAGCCCTCGGCTTAACCGGGGAATTGCATCGGAAACTGTCTATCTTGAGTGCAGAAGAGGAGAGTGGAACTCCATGTGTAGCGGTGGAATGCGTAGATATATGGAAGAACACCAGTGGCGAAAGCGGCTCTCTGGTCTGTAACTGACGCTGAGGCTCGA,3786ab89787bab2fc9feae7c055d6892
41,38ed1801ae16599c4505337451d68a05,Firmicutes,Bacilli,Lactobacillales,Lactobacillaceae,Lactobacillus,Lactobacillus,0.999999,38ed1801ae16599c4505337451d68a05,TTGTCCGGATTTATTGGGCGTAAAGCGAGCGCAGGCGGAAAAATAAGTCTAATGTGAAAGCCCTCGGCTTAACCGAGGAACTGCATCGGAAACTGTTTTTCTTGAGTGCAGAAGAGGAGAGTGGAACTCCATGTGTAGCGGTGGAATGCGTAGATATATGGAAGAACACCGGTGGCGAAGGCGACTTTCTGGACGACAACTGACGCTGAGGCGCGA,38ed1801ae16599c4505337451d68a05
44,430db678027819b371aa04fcd2058323,Firmicutes,Bacilli,Lactobacillales,Lactobacillaceae,Lactobacillus,Lactobacillus,0.9999923,430db678027819b371aa04fcd2058323,TTATCCGGATTTATTGGGCGTAAAGCGAGCGCAGGCGGTTGCTTAGGTCTTATGTGAAAGCCTTCGGCTTAACCGAAGAAGTGCATCGGAAACCGGGCGACTTGAGTGCAGAAGAGGACAGTGGAACTCCATGTGTAGCGGTGGAATGCGTAGATATATGGAAGAACACCAGTGGCGAAGGCGGCTGTCTGGTCTGCAACTGACGCTGAGGCTCGA,430db678027819b371aa04fcd2058323
45,443937c55790a4aa4a54dd2c2185f25a,Firmicutes,Bacilli,Lactobacillales,Lactobacillaceae,Lactobacillus,Lactobacillus,0.9999998,443937c55790a4aa4a54dd2c2185f25a,TTGTCCGGATTTATTGGGCGTAAAGCGAGTGCAGGCGGTTCAATAAGTCTGATGTGAAAGCCTTCGGCTCAACCGGAGAATTGCATCAGAAACTGTTGAACTTGAGTGCAGAAGAGGAGAGTGGAACTCCATGTGTAGCGGTGGAATGCGTAGATATATGGAAGAACACCAGTGGCGAAGGCGGCTCTCTGGTCTGTAACTGACGCTGAGGCTCGA,443937c55790a4aa4a54dd2c2185f25a
46,44459f7bd0f45aa7bd987e317b01cfb5,Firmicutes,Bacilli,Lactobacillales,Lactobacillaceae,Lactobacillus,Lactobacillus,0.9999688,44459f7bd0f45aa7bd987e317b01cfb5,TTATCCGGATTTATTGGGCGTAAAGCGAGCGCTGGCGGTTGCTTAGGTCTGATGTGAAAGCCTTCGGCTTAACCGAAGAAGTGCATCGGAAACCGGGCGACTTGAGTGCAGAAGAGGACAGTGGAACTCCATGTGTAGCGGTGGAATGCGTAGATATATGGAAGAACACCAGTGGCGAAGGCGGCTCTCTGGTCTGCAACTGACGCTGAGGCTCGA,44459f7bd0f45aa7bd987e317b01cfb5
47,47d45a8dc9139e73b59572641d927f8b,Firmicutes,Bacilli,Lactobacillales,Lactobacillaceae,Lactobacillus,Lactobacillus,0.9999877,47d45a8dc9139e73b59572641d927f8b,TTATCCGGATTTATTGGGCGTAAAGCGAGCGCAGGCGGTTGCTTAGTTCTGATGTGAAAGCCTTCGGCTTAACCGAAGAAGTGCATCGGAAACCGGGCGACTTGAGTGCAGAAGAGGACAGTGGAACTCCATGTGTAGCGGTGGAATGCGTAGATATATGGAAGAACACCAGTGGCGAAGGCGGCTGTCTGGTCTGCAACTGACGCTGAGGCTCGA,47d45a8dc9139e73b59572641d927f8b
48,48d7070b783a7637292cda9ff319ae9d,Firmicutes,Bacilli,Lactobacillales,Lactobacillaceae,Lactobacillus,Lactobacillus,0.9999961,48d7070b783a7637292cda9ff319ae9d,TTATCCGGATTTATTGGGCGTAAAGCGAGTGCAGGCGGTTTTCTAAGTCTGATGTGAAAGCCTTCGGCTTAACCGGAGAAGTGCATCGGAAACTGGATAACTTGAGTGCAAGAGAGGACAGTGGAACTCCATGTGTAGCGGTGGAATGCGTAGATATATGGAAGAACACCAGTGGCGAAGGCGGCTGTCTAGCTTGCAACTGACGCTGAGGCTCGA,48d7070b783a7637292cda9ff319ae9d
49,4a1da1b57b959161b0328672b0260167,Firmicutes,Bacilli,Lactobacillales,Lactobacillaceae,Lactobacillus,Lactobacillus,0.9999999,4a1da1b57b959161b0328672b0260167,TTGTCCGGATTTATTGGGCGTAAAGCGAGTGCAGGCGGTTCAATAAGTCTGATGTGAAAGCCTTCGGCTCAACCGGAGAATTGCATCAGAAACTGTTGGACTTGAGTGCAGAAGAGGAGAGTGGAACTCCATGTGTAGCGGTGGAATGCGTAGATATATGGAAGAACACCAGTGGCGAAGGCGGCTCTCTGGTCTGCAACTGACGCTGAGGCTCGA,4a1da1b57b959161b0328672b0260167
50,4b108a7aa497e91a523ab8bc518bcc8f,Firmicutes,Bacilli,Lactobacillales,Lactobacillaceae,Lactobacillus,Lactobacillus,0.9999981,4b108a7aa497e91a523ab8bc518bcc8f,TTATCCGGATTTATTGGGCGTAAAGCGAGCGCGGGCGGTTGCTTAGGTCTGATGTGAAAGCCTTCGGCTTAACCGAAGAAGTGCATCGGAAACCGGGCGACTTGAGTGCAGAAGAGGACAGTGGAACTCCATGTGTAGCGGTGGAATGCGTAGATATATGGAAGAACACCAGTGGCGAAGGCGGCTGTCTGGTCTGCAACTGACGCTGAGGCTCGA,4b108a7aa497e91a523ab8bc518bcc8f
51,4b2ec0f2889d55b3ac6147a76d4547c4,Firmicutes,Bacilli,Lactobacillales,Lactobacillaceae,Lactobacillus,Lactobacillus,0.9999996,4b2ec0f2889d55b3ac6147a76d4547c4,TTGTCCGGATTTATTGGGCGTAAAGCGAGCGCAGGCGGAAGAATAAGTCTGATGTGAAAGCCCTCGGCTTAACCGAGGAACTGCATCGGAAACTGTTTTTCTTGAGTGCAGAAGAGGAGAGTGGAACTCCATGCGTAGCGGTGGAATGCGTAGATATATGGAAGAACACCAGTGGCGAAGGCGGCTCTCTGGTCTGCAACTGACGCTGAGGCTCGA,4b2ec0f2889d55b3ac6147a76d4547c4
52,4b754b7dd57f3c30ffc3fd34a70e0e85,Firmicutes,Bacilli,Lactobacillales,Lactobacillaceae,Lactobacillus,Lactobacillus,0.9999893,4b754b7dd57f3c30ffc3fd34a70e0e85,TTATCCGGATTTATTGGGCGTAAAGCGAGCGCAGGCGGTTGCTTAGGTCTGATGTGAAAGCCTTCGGCTTAACCGAAGAAGTGCATCGGAAACCGGGCAACTTGAGTGCAGAAGAGGACAGTGGAACTCCATGTGTGGCGGTGGAATGCGTAGATATATGGAAGAACACCAGTGGCGAAGGCGGCTGTCTGGTCTGCAACTGACGCTGAGGCTCGA,4b754b7dd57f3c30ffc3fd34a70e0e85
53,4bcacbde46aeff1a9e388e9ca7c42741,Firmicutes,Bacilli,Lactobacillales,Lactobacillaceae,Lactobacillus,Lactobacillus,0.9998561,4bcacbde46aeff1a9e388e9ca7c42741,TTATCCGGATTTATTGGGCGTAAAGCGAGCGCAGGCGGTCGCTTAGGTCTGATGTGAAAGCCTTCGGCTTAACCGAAGAAGTGCATCGGAAACCGGGCGACTTGAGTGCAGAAGAGGACAGTGGAACTCCATGTGTAGCGGCGGAATGCGTAGATATATGGAAGAACACCAGTGGCGAAGGCGGCTGTCTGGTCTGCAACTGACGCTGAGGCTCGA,4bcacbde46aeff1a9e388e9ca7c42741
54,4cb3fb221b72cf0e5e907f504e8f8f32,Firmicutes,Bacilli,Lactobacillales,Lactobacillaceae,Lactobacillus,Lactobacillus,0.9999999,4cb3fb221b72cf0e5e907f504e8f8f32,TTGTCCTGATTTATTGGGCGTAAAGCTAGTGCAGGCGGTTCAATAAGTCTGATGTGAAAGCCTTCGGCTCAACCGGAGAATTGCATCAGAAACTGTTGAACTTGAGTGCAGAAGAGGAGAGTGGAACTCCATGTGTAGCGGTGGAATGCGTAGATATATGGAAGAACACCAGTGGCGAAGGCGGCTCTCTGGTCTGCAACTGACGCTGAGGCTCGA,4cb3fb221b72cf0e5e907f504e8f8f32
55,4f8a9f80c54fe7733ed6adbf71bbc3a7,Firmicutes,Bacilli,Lactobacillales,Lactobacillaceae,Lactobacillus,Lactobacillus,1,4f8a9f80c54fe7733ed6adbf71bbc3a7,TTGTCCGGATTTATTGGGCGTAAAGCGAGTGCAGGCGGTTCAATAAGTCTGATGTGAAAGCCTTCGGCTCAACCGGAGAATTGCATCAGAAACTGTTGAACTTGAGTGCAGAAGAGGAGAGTGGAACTCCATGTGTAGCGGTGGAATGCGTAGATATATGGAAGAACACCAGTGGCGACGGCGGCTCTCTGGTCTGCAACTGACGCTGAGGCTCGA,4f8a9f80c54fe7733ed6adbf71bbc3a7
56,51d6a6159efa4f3a320105ae7e3d68aa,Firmicutes,Bacilli,Lactobacillales,Lactobacillaceae,Lactobacillus,Lactobacillus,0.9999611,51d6a6159efa4f3a320105ae7e3d68aa,TTATCCGGATTTATTGGGCGTAAAGCGAGCGCAGGCGGTTGCTTAGGTCTGATGTGAAAGCCTTCGGCTTAACCGAAGAAGTGCATCGGAAACCGGGCGACTTGAGTGCAGAAGAGGATAGTGGAACTCCATGTGTAGCGGTGGAATGCGTAGATATATGGAAGAACACCAGTGGCGAAGGCGGCTCTCTGGTCTGCAACTGACGCTGAGGCTCGA,51d6a6159efa4f3a320105ae7e3d68aa
58,5302e0b332718dbf424bb6a1cda9e333,Firmicutes,Bacilli,Lactobacillales,Lactobacillaceae,Lactobacillus,Lactobacillus,0.9999958,5302e0b332718dbf424bb6a1cda9e333,TTATCCGGATTTATTGGGCGTAAAGCGAGCGCAGGCGGTTGCTTAGGTCTGATGTGAAAGCCCTCGGCTTAACCGAGGAACTGCATCGGAAACTGTTTTTCTTGAGTGCAGAAGAGGAGAGTGGAACTCCATGTGTAGCGGTGGAATGCGTAGATATATGGAAGAACACCAGTGGCGAAGGCGGCTGTCTAGCTTGCAACTGACGCTGAGGCTCGA,5302e0b332718dbf424bb6a1cda9e333
59,5417f5a187626c5667a8e29ee5d36e2f,Firmicutes,Bacilli,Lactobacillales,Lactobacillaceae,Lactobacillus,Lactobacillus,0.9999989,5417f5a187626c5667a8e29ee5d36e2f,TTGTCCGGATTTATTGGGCGTAAAGCGAGCGCAGGCGGAAAAATAAGTCTGATGTGAAAGCCCTCGGCTTAACCGAGGAACTGCATCGGAAACTGTTTTTCTTGAGTGCAGAAGAGGAGAGTGGAACTCCATGTGTAGCGGTGGAATGCGTAGATATATGGAAGAACACCAGTGGCGAAGGCGGCTCTCTGGTCTGCAACTGACGCTGAGGCTCGA,5417f5a187626c5667a8e29ee5d36e2f
63,57ed18e2d61e6afe3bef7d3d8323de5b,Firmicutes,Bacilli,Lactobacillales,Lactobacillaceae,Lactobacillus,Lactobacillus,1,57ed18e2d61e6afe3bef7d3d8323de5b,TCGTCCGGATTTATTGGGCGTAAAGCGAGTGCAGGCGGTTCAATAAGTCTGATGTGAAAGCCTTCGGCTCAACCGGAGAATTGCATCAGAAACTGTTGAACTTGAGTGCAGAAGAGGAGAGTGGAACTCCATGTGTAGCGGTGGAATGCGTAGATATATGGAAGAACACCAGTGGCGAAGGCGGCTCTCTGGTCTGCAACTGACGCTGAGGCTCGA,57ed18e2d61e6afe3bef7d3d8323de5b
64,5ae6e2da86f0d7dc00c92143ac57ecb8,Firmicutes,Bacilli,Lactobacillales,Lactobacillaceae,Lactobacillus,Lactobacillus,0.999998,5ae6e2da86f0d7dc00c92143ac57ecb8,TTATCCGGATTTATTGGGCGTAAAGCGAGCGCAGGCGGTTGCTTAGGTCTGATGTGAAAGCCTTCGGCTTAACCGAAGAAGTGCATCGGAAACCGGGCGACTTGAGTGCAGAAGAGGACAGTGGAACTCCATGTGTAGCGGTGGAATGCGTAGATATATGGAAGAACACCAGTGGCGAAGGCGGCTGTCTGGTCTGCAACTGACACTGAGGCTCGA,5ae6e2da86f0d7dc00c92143ac57ecb8
65,5aeafd6ca75264bfbee3b9e45b283afe,Firmicutes,Bacilli,Lactobacillales,Lactobacillaceae,Lactobacillus,Lactobacillus,0.9999926,5aeafd6ca75264bfbee3b9e45b283afe,TTATCCGGATTTATTGGGCGTAAAGCGAGCGCAGGCGGTTGCTTAGGTCTGATGTGAAAGCCTTCGGCTTAACCGAAGAAGTGCATCGGAAACCGGGCGACTTGAGTGCAGAAGAGGACAGTGGAACTCCATGTGTAGCGGTGGAATTCGTAGATATATGGAAGAACACCAGTGGCGAAGGCGGCTGTCTGGTCTGCAACTGACGCTGAGGCTCGA,5aeafd6ca75264bfbee3b9e45b283afe
66,5af1512b5ed9b9ecc693a00abf0cb479,Firmicutes,Bacilli,Lactobacillales,Lactobacillaceae,Lactobacillus,Lactobacillus,0.9999986,5af1512b5ed9b9ecc693a00abf0cb479,TTGTCCGGATTTATTGGGCGTAAAGCGAGCGCAGGCGGAAAAATAAGTCTAATGTGAAAGCCCTCGGCTTAACCGAGGAACTGAATCGGAAACTGTTTTTCTTGAGTGCAGAAGAGGAGAGTGGAACTCCATGTGTAGCGGTGGAATGCGTAGATATATGGAAGAACACCAGTGGCGAAGGCGGCTCTCTGGTCTGCAACTGACGCTGAGGCTCGA,5af1512b5ed9b9ecc693a00abf0cb479
67,5b5e4739ea1a34e81a3e61ab72ab8d9c,Firmicutes,Bacilli,Lactobacillales,Lactobacillaceae,Lactobacillus,Lactobacillus,0.9999683,5b5e4739ea1a34e81a3e61ab72ab8d9c,TTATCCGGATTTATTGGGCGTAAAGCGAGCGCAGGCGGTTGCTTAGGTCTGATGTGAAAGCCTTCGGCTTAACCGAAGAAGTGCATCGGAAACCGGGCGACTTGAGTGCAGAAGAGGACAGTGGAACTCCGTGTGTAGCGGTGGAATGCGTAGATATATGGAAGAACACCAGTGGCGAAGGCGGCTCTCTGGTCTGCAACTGACGCTGAGGCTCGA,5b5e4739ea1a34e81a3e61ab72ab8d9c
69,621daf16308fa19eb25a4057b5c05436,Firmicutes,Bacilli,Lactobacillales,Lactobacillaceae,Lactobacillus,Lactobacillus,0.9999964,621daf16308fa19eb25a4057b5c05436,TTATCCGGATTTATTGGGCGTAAAGGGAACGCAGGCGGTCTTTTAAGTCTGATGTGAAAGCCTTCGGCTTAACCGGAGTAGTGCATTGGAAACTGGGAGGCTTGAGTGCAGAAGAGGAGAGTGGAACTCCATGTGTAGCGGTGAAATGCGTAGATATATGGAAGAACACCAGTGGCGAAAGCGGCTCTCTGGTCTGTAACTGACGCTGAGGTTCGA,621daf16308fa19eb25a4057b5c05436
70,63f6118aa360b8ad774396ab047e2a90,Firmicutes,Bacilli,Lactobacillales,Lactobacillaceae,Lactobacillus,Lactobacillus,0.9937428,63f6118aa360b8ad774396ab047e2a90,TTGTCCGGATTTATTGGGCGTAAAGCGAGCGCAGGCGGTTCAATAAGTCTGATGTGAAAGCCCACGGCTCAACCGTGGAACTGCATCGGAAACTGTCATTCTTGAGTGCAGAAGAGGAGAGTGGAACTCCATGTGTAGCGGTGGAATGCGTAGATATATGGAAGAACACCAGTGGCGAAGGCGGCTCTCTGGTCTGCAACTGACGCTGAGGCTCGA,63f6118aa360b8ad774396ab047e2a90
71,63fa0683a3b6922fd35455984e5377ed,Firmicutes,Bacilli,Lactobacillales,Lactobacillaceae,Lactobacillus,Lactobacillus,1,63fa0683a3b6922fd35455984e5377ed,TTGTCCGGATTTATTGGGCGTAAAGCGAGTGCAGGCGGTTCAATAAGTCTGATGTGAAAGCCTTCGGCTCAACCGGAGAATTGCATCAGAAACTGTTGAACTTGAGTGCAGAAGAGGAGAGTGGAACTCCATGTGTAGCGGTGGAATTCGTAGATATATGGAAGAACACCAGTGGCGAAGGCGGCTCTCTGGTCTGCAACTGACGCTGAGGCTCGA,63fa0683a3b6922fd35455984e5377ed
73,689b22d7d4712e436aa2cbce3d4d65c4,Firmicutes,Bacilli,Lactobacillales,Lactobacillaceae,Lactobacillus,Lactobacillus,0.9999985,689b22d7d4712e436aa2cbce3d4d65c4,TTGTCCGGATTTATTGGGCGTAAAGCGAGCGCAGGCGGAAGAATAAGTCTGATGTGAAAGCCCTCGGCTTAACCGAGGAACTGCATCGGAAACTGTTTTTCTTGAGTGCAGAAGAGGAGAGTGGAACTCCATGTGTAGCGGTGGAATGCGTAGATATATGGAAGAACACCAGTGGCGAAGGCGACTTTCTGGACGAAAACTGACGCTGAGGCGCGA,689b22d7d4712e436aa2cbce3d4d65c4
74,6ae182465dfe2ce64af404fc1a441d67,Firmicutes,Bacilli,Lactobacillales,Lactobacillaceae,Lactobacillus,Lactobacillus,0.9999915,6ae182465dfe2ce64af404fc1a441d67,TTATCCGGATTTATTGGGCGTAAAGCGAGCGCAGGCGGTTGCTTAGGTCTGATGTGAAAGCCTTCGGCTTAACCGAAGAAGTGCATCGGAAACCGGGCAACTTGAGTGCAGAAGAGGACAGTGGAACTCCATGTGTAGCGGTGGAATGCGTAGATATATGGAAGAACACCAGTGGCGAAGGCTGCTGTCTGGTCTGCAACTGACGCTGAGGCTCGA,6ae182465dfe2ce64af404fc1a441d67
76,71517b45342bc068b0b3c1d529dcf567,Firmicutes,Bacilli,Lactobacillales,Lactobacillaceae,Lactobacillus,Lactobacillus,0.9999905,71517b45342bc068b0b3c1d529dcf567,TTATCCGGATTTATTGGGCGTAAAGCGAGCGCAGGCGGTTGCTTAGGTCTGATGTGAAAGCCTTCGGCTTAACCGAAGAAGTGCATCGGAAACCGGGCAACTTGAGTGCAGAAGAGGACAGTGGAACTACATGTGTAGCGGTGGAATGCGTAGATATATGGAAGAACACCAGTGGCGAAGGCGGCTGTCTGGTCTGCAACTGACGCTGAGGCTCGA,71517b45342bc068b0b3c1d529dcf567
77,738eb7bc8042310ba8c2a7264ebc7d22,Firmicutes,Bacilli,Lactobacillales,Lactobacillaceae,Lactobacillus,Lactobacillus,0.9999985,738eb7bc8042310ba8c2a7264ebc7d22,TTGTCCGGATTTATTGGGCGTAAAGCGAGCGCAGGCGGAAAAATAAGTCTAATGTGAAAGCCCTCGGCTTAACCGAGGAACCGCATCGGAAACTGTTTTTCTTGAGTGCAGAAGAGGAGAGTGGAACTCCATGTGTAGCGGTGGAATGCGTAGATATATGGAAGAACACCAGTGGCGAAGGCGGCTCTCTGGTCTGCAACTGACGCTGAGGCTCGA,738eb7bc8042310ba8c2a7264ebc7d22
78,74aee6613db941dee96f2ce58921e7b5,Firmicutes,Bacilli,Lactobacillales,Lactobacillaceae,Lactobacillus,Lactobacillus,0.9897521,74aee6613db941dee96f2ce58921e7b5,TTGTCCGGATTTATTGGGCGTAAAGCGAGCGCAGGCGGAATGATAAGTCTGATGTGAAAGCCCACGGCTCAACCGTGGAACTGCATCGGAAACTGTCATTCTTGAGTGCAGAAGAGGAGAGTGGAACTCAATGTGTAGCGGTGGAATGCGTAGATATATGGAAGAACACCAGTGGCGAAGGCGGCTCTCTGGTCTGCAACTGACGCTGAGGCTCGA,74aee6613db941dee96f2ce58921e7b5
79,74c25f2970a718b7172a05108ad971c4,Firmicutes,Bacilli,Lactobacillales,Lactobacillaceae,Lactobacillus,Lactobacillus,0.999982,74c25f2970a718b7172a05108ad971c4,TTATCCGGATTTATTGGGCGTAAAGCGAGCGCAGGCGGTCGCTTAGGTCTGATGTGAAAGCCTTCGGCTTAACCGAAGAAGTGCATCGGAAACCGGGCGACTTGAGTGCAGAAGAGGACAGTGGAACTCCATGTGTAGCGGTGGAATGCGTAGATATATGGAAGAACACCAGTGGCGAAGGCGGCTGTCTGGTCTGCAACTGACGCTGAGGCTCGA,74c25f2970a718b7172a05108ad971c4
81,77538e988440dd7c3501a8e4e5365f05,Firmicutes,Bacilli,Lactobacillales,Lactobacillaceae,Lactobacillus,Lactobacillus,0.9999976,77538e988440dd7c3501a8e4e5365f05,TTGTCCGGATTTATTGGGCGTAAAGCGAGCGCAGGCGGAAGAATAAGTCTGATGTGAAAGCCCTCGGCTTAACCGATGAACTGCATCGGAAACTGTTTTTCTTGAGTGCAGAAGAGGAGAGTGGAACTCCATGTGTAGCGGTGGAATGCGTAGATATATGGAAGAACACCAGTGGCGAAGGCGGCTCTCTGGTCTGCAACTGACGCTGAGGCTCGA,77538e988440dd7c3501a8e4e5365f05
82,79070195cbf3a62cddfe952c0963aa57,Firmicutes,Bacilli,Lactobacillales,Lactobacillaceae,Lactobacillus,Lactobacillus,0.9999977,79070195cbf3a62cddfe952c0963aa57,TTGTCCGGATTTATTGGGCGTAAAGCGAGCGCAGGCGGAAGAATAAGTCTGATGTGAAAGCCATCGGCTTAACCGAGGAACTGCATCGGAAACTGTTTTTCTTGAGTGCAGAAGAGGACAGTGGAACTCCATGTGTAGCGGTGGAATGCGTAGATATATGGAAGAACACCAGTGGCGAAGGCGGCTGTCTGGTCTGCAACTGACGCTGAGGCTCGA,79070195cbf3a62cddfe952c0963aa57
83,7c17bc72332a1d8c15bf78781993f9d0,Firmicutes,Bacilli,Lactobacillales,Lactobacillaceae,Lactobacillus,Lactobacillus,1,7c17bc72332a1d8c15bf78781993f9d0,TTGTCCGGATTTATTGGGCGTAAAGCGAGTGCAGGCGGTTCAATAAGTCTGATGTGAAAGCCTTCGGCTCAACCGGAGAATTGCATCAGAAACTGTTGAAATTGAGTGCAGAAGAGGAGAGTGGAACTCCATGTGTAGCGGTGGAATGCGTAGATATATGGAAGAACACCAGTGGCGAAGGCGGCTCTCTGGTCTGCAACTGACGCTGAGGCTCGA,7c17bc72332a1d8c15bf78781993f9d0
84,7c1a52bc4a0cfb616def75cb195fdee0,Firmicutes,Bacilli,Lactobacillales,Lactobacillaceae,Lactobacillus,Lactobacillus,0.9999991,7c1a52bc4a0cfb616def75cb195fdee0,TTGTCCGGATTTATTGGGCGTAAAGCGAGCGCAGGCGGAAAAATAAGTCTAATGTGAAAGCCCTCGGCTTAACCGAGGAACTGCATCGGAAACTGTTTTTCTTGAGTGCAGAAGAGGAGAGTGGAACTCCATGTGTAGCGGTGGAATGCGTAGATATATGGAAGAACACCAGTGGCGAAGGCGGATCTCTGGTCTGCAACTGACGCTGAGGCTCGA,7c1a52bc4a0cfb616def75cb195fdee0
85,7caaa2a755599e6c4cee23229efa12a3,Firmicutes,Bacilli,Lactobacillales,Lactobacillaceae,Lactobacillus,Lactobacillus,0.9999909,7caaa2a755599e6c4cee23229efa12a3,TTATCCGGATTTATTGGGCGTAAAGCGAGCGCAGGCGGAAAAATAAGTCTAATGTGAAAGCCCTTGGCTTAACCGAGGAACTGCATCGGAAACTGTTTTTCTTGAGTGCAGAAGAGGAGAGTGGAACTCCATGTGTAGCGGTGGAATGCGTAGATATATGGAAGAACACCAGTGGCGAAGGCGGCTCTCTGGTCTGCAACTGACGCTGAGGCTCGA,7caaa2a755599e6c4cee23229efa12a3
86,7d32a47249a88ed474c2314000d6a8ce,Firmicutes,Bacilli,Lactobacillales,Lactobacillaceae,Lactobacillus,Lactobacillus,0.9999988,7d32a47249a88ed474c2314000d6a8ce,TTATCCGGATTTATTGGGCGTAAAGCGAGCGCAGGCGGTTGCTTAGGTCTGATGTGAAAGCCTTCGGCTTAACCGAAGAAGTGCATCGGAAACCGGGCGACTTGAGTGCAGAAGAGGACAGTGGAACTCCATGTGTAGCGGTGGAATGCGTAGATATATGGAAGAACACCAGTGGCGAAGGCGGCTGTCTGGTCTGCAACTGACGCTGAGGCTCGA,7d32a47249a88ed474c2314000d6a8ce
87,7eef213dc876f1217356a55740127ce3,Firmicutes,Bacilli,Lactobacillales,Lactobacillaceae,Lactobacillus,Lactobacillus,0.9999841,7eef213dc876f1217356a55740127ce3,TTATCCGTATTTATTGGGCGTAAAGCGAGCTCAGGCGGTTGCTTAGGTCTGATGTGAAAGCCTTCGGCTTAACCGAAGAAGTGCATCGGAAACCGGGCAACTTGAGTGCAGAAGAGGACAGTGGAACTCCATGTGTAGCGGTGGAATGCGTAGATATATGGAAGAACACCAGTGGCGAAGGCGGCTGTCTGGTCTGCAACTGACGCTGAGGCTCGA,7eef213dc876f1217356a55740127ce3
88,8324e418af4c6b0334b77f61b4cb1f42,Firmicutes,Bacilli,Lactobacillales,Lactobacillaceae,Lactobacillus,Lactobacillus,0.9999998,8324e418af4c6b0334b77f61b4cb1f42,TTGTCCGGATTTATTGGGCGTAAAGCGAGCGCAGGCGGAAAAATAAGTCTAATGTGAAAGCCCTCGGCTTAACCGAGGAACTGCATCGGAAACTGTTTTTCTTGAGTACAGAAGAGGAGAGTGGAACTCCATGTGTAGCGGTGGAATGCGTAGATATATGGAAGAACACCAGTGGCGAAAGCGGCTCTCTGGTCTGTAACTGACGCTGAGGTTCGA,8324e418af4c6b0334b77f61b4cb1f42
90,83bf9d36a17c64f802d55337852f33d7,Firmicutes,Bacilli,Lactobacillales,Lactobacillaceae,Lactobacillus,Lactobacillus,0.999999,83bf9d36a17c64f802d55337852f33d7,TTGTCCGGATTTATTGGGCGTAAAGCGAGCGCAGGCGGAAAAATAAGTCTAATGTGAAAGCCCTCGGCTTAACCGAGGAACTGCATCGGAAACTGTTTTTCTTGAGTGCAGAAGAGGAGAGTGGAACTCCATGTGTGGCGGTGGAATGCGTAGATATATGGAAGAACACCAGTGGCGAAGGCGGCTCTCTGGTCTGCAACTGACGCTGAGGCTCGA,83bf9d36a17c64f802d55337852f33d7
92,889b657ba8c1f96bfabe992b93ec0f27,Firmicutes,Bacilli,Lactobacillales,Lactobacillaceae,Lactobacillus,Lactobacillus,0.9999971,889b657ba8c1f96bfabe992b93ec0f27,TTATCCGGATTTATTGGGCGTAAAGCGAGCGCAGGCGGTTGCTTAGGTCTGATGTGAAAGCCTTCGGCTTAACCGAAGAAGTGCATCGGAAACCGGGCGACTTGAGTGCAGAAGAGGATAGTGGAACTCCATGTGTAGCGGTGGAATGCGTAGATATATGGAAGAACACCAGTGGCGAAGGCGGCTGTCTGGTCTGCAACTGACGCTGAGGCTCGA,889b657ba8c1f96bfabe992b93ec0f27
93,8a6dcde3cf7439639e656fbf6a2c8b5a,Firmicutes,Bacilli,Lactobacillales,Lactobacillaceae,Lactobacillus,Lactobacillus,0.9999989,8a6dcde3cf7439639e656fbf6a2c8b5a,TTGTCCGGATTTATTGGGCGTAAAGCGAGCGCAGGCGGAAGAATAAGTCTGATGTGAAAACCCTCGGCTTAACCGAGGAACTGCATCGGAAACTGTTTTTCTTGAGTGCAGAAGAGGAGAGTGGAACTCCATGTGTAGCGGTGGAATGCGTAGATATATGGAAGAACACCAGTGGCGAAGGCGGCTCTCTGGTCTGCAACTGACGCTGAGGCTCGA,8a6dcde3cf7439639e656fbf6a2c8b5a
94,8c3e9b62dd51e5c41389dd750c687e4f,Firmicutes,Bacilli,Lactobacillales,Lactobacillaceae,Lactobacillus,Lactobacillus,0.9999991,8c3e9b62dd51e5c41389dd750c687e4f,TTGTCCGGATTTATTGGGCGTAAAGCGAGCGCAGGCGGAAAAATAAGTCTAATGTGAAAGCCCTCGGCTTAACCGAGGAACTGCATCGGAAACTGTTTTTCTTGAGTGCAGAAGAGGAGAGTGGAACTCCATGTGTAGCGGTGGAATGCGTAGATATATGGAAGAACACCAGTGGCGAAGGCGGCTCTCCGGTCTGCAACTGACGCTGAGGCTCGA,8c3e9b62dd51e5c41389dd750c687e4f
95,8ed7873fa6a8242bc84d7841b7fabfb1,Firmicutes,Bacilli,Lactobacillales,Lactobacillaceae,Lactobacillus,Lactobacillus,0.9999989,8ed7873fa6a8242bc84d7841b7fabfb1,TTGTCCGGATTTATTGGGCGTAAAGCGAGCGCAGGCGGAAAAATAAGTCTAATGTGAAAGCCCTCGGCTTAACCGAGGAACTGCATCGGAAACTGTTTTTCTTGAGTGCAGAAGAGGAGAGTGGAACTCCATGTGTAGCGGTGGAATGTGTAGATATATGGAAGAACACCAGTGGCGAAGGCGGCTCTCTGGTCTGCAACTGACGCTGAGGCTCGA,8ed7873fa6a8242bc84d7841b7fabfb1
96,8fd13c505548b8f4333b07b377a0f22e,Firmicutes,Bacilli,Lactobacillales,Lactobacillaceae,Lactobacillus,Lactobacillus,0.9999972,8fd13c505548b8f4333b07b377a0f22e,TTATCCGGATTTATTGGGCGTAAATCGAGCGCAGGCGGTTTGATAAGTCTGATGTGAAAGCCTTTGGCTTAACCAAAGAAGTGCATCGGAAACTGTCAGACTTGAGTGCAGAAGAGGACAGTGGAACTCCATGTGTAGCGGTGGAATGCGTAGATATATGGAAGAACACCAGTGGCGAAGGCGGCTGTCTAGCTTGCAACTGACGCTGAGGCTCGA,8fd13c505548b8f4333b07b377a0f22e
97,8fd3bdb397e6cabe0530f1e917747cb9,Firmicutes,Bacilli,Lactobacillales,Lactobacillaceae,Lactobacillus,Lactobacillus,0.9999999,8fd3bdb397e6cabe0530f1e917747cb9,TTGTCCGGATTTATTGGGCGTAAAGCGAGCGCAGGCGGAAGAATAAGTCTGATGTGAAAGCCCTCGGCTTAACCGAGGAACTGCATCGGAAACTGTTTTTCTTGAGTGCAGAAGAGGAGAGTGGAACTCCATGTGTAGCGGTGGAATGCGTAGATATATGGAAGAACACCAGTGGCGAAGGCGGCTCTCTGGTCTGCAACTGACGCTGAGGCTCGA,8fd3bdb397e6cabe0530f1e917747cb9
98,939690987bd6b041d1422bf9d62f0074,Firmicutes,Bacilli,Lactobacillales,Lactobacillaceae,Lactobacillus,Lactobacillus,0.9999992,939690987bd6b041d1422bf9d62f0074,TTGTCCGGATTTATTGGGCGTAAAGCGAGCGCAGGCGGAAAAATAAGTCTAATGTGAAAGCCCTCGGCTTAACCGAGGAACTGCATCGGAAACTGTTTTTCTTGAGTGCAGAAGAGGAGAGTGGAACTCCATGTGTAGCGGTGGAATGCGTAGATATATGGAAGAACACCAGTGGCGAAGGCGGCTCTCTGGTCTGCAACTGACGCTGAGGCTCGA,939690987bd6b041d1422bf9d62f0074
100,9429d71c22c34c9d88f153c15eed921f,Firmicutes,Bacilli,Lactobacillales,Lactobacillaceae,Lactobacillus,Lactobacillus,0.9999132,9429d71c22c34c9d88f153c15eed921f,TTATCCGGATTTATTGGGCGTAAAGCGAGCGCAGGCGGTTGCTTAGGTCTGATGTGAAAGCCTTCGGCTTAACCGAAGAAGTGCATCGGAAACCGGGAGACTTGAGTGCAGAAGAGGACAGTGGAACTCCATGTGTAGCGGTGGAATGCGTAGATATATGGAAGAACACCAGTGGCGAAGGCGGCTGTCTGGTCTGCAACTGACACTGAGGCTCGA,9429d71c22c34c9d88f153c15eed921f
101,944d423c4a7cac57535a3339af2c8140,Firmicutes,Bacilli,Lactobacillales,Lactobacillaceae,Lactobacillus,Lactobacillus,0.9999991,944d423c4a7cac57535a3339af2c8140,TTGTCCGGATTTATTGTGCGTAAAGCGAGCGCAGGCGGAAAAATAAGTCTAATGTGAAAGCCCTCGGCTTAACCGAGGAACTGCATCGGAAACTGTTTTTCTTGAGTGCAGAAGAGGAGAGTGGAACTCCATGTGTAGCGGTGGAATGCGTAGATATATGGAAGAACACCAGTGGCGAAGGCGGCTCTCTGGTCTGCAACTGACGCTGAGGCTCGA,944d423c4a7cac57535a3339af2c8140
102,95370df645aab75660f7b2c7e7689e1a,Firmicutes,Bacilli,Lactobacillales,Lactobacillaceae,Lactobacillus,Lactobacillus,0.9999984,95370df645aab75660f7b2c7e7689e1a,TTGTCCGGATTTATTGGGCGTAAAGCGAGCGCAGGCGGAAAAATAAGTCTAATGTGAAAGCCCTCGGCTTAACCGAGGAACTGCATCGGAAACTGTTTTTCTTGAGTGCAGAAGAGGAGAGTGGAACTCCATGTGTAGCGGTGTAATGCGTAGATATATGGAAGAACACCAGTGGCGAAGGCGGCTCTCTGGTCTGCAACTGACGCTGAGGCTCGA,95370df645aab75660f7b2c7e7689e1a
103,9543e4d6b5563869048acab58f991e5e,Firmicutes,Bacilli,Lactobacillales,Lactobacillaceae,Lactobacillus,Lactobacillus,0.9999999,9543e4d6b5563869048acab58f991e5e,TTGTCCGGATTTATTGGGCGTAAAGCGAGTGCAGGCGGTTCAATAAGTCTGATGTGAAAGCCTTCGGCTCAACCGTAGAATTGCATCAGAAACTGTTGAACTTGAGTGCAGAAGAGGAGAGTGGAACTCCATGTGTAGCGGTGGAATGCGTAGATATATGGAAGAACACCAGTGGCGAAGGCGGCTCTCTGGTCTGCAACTGACGCTGAGGCTCGA,9543e4d6b5563869048acab58f991e5e
104,95e996b6512a4c0dabab115e50e16520,Firmicutes,Bacilli,Lactobacillales,Lactobacillaceae,Lactobacillus,Lactobacillus,0.9999997,95e996b6512a4c0dabab115e50e16520,TTGTCCGGATTTATTGGGCGTAAAGCGAGCGCAGGCGGAAAGATAAGTCTGAAGTGAAAGCCCCCGGCTTAACCGGGGAACTGCTTCGGAAACTGTCCTTCTTGAGTGTAGAAGAGGAGAGTGGAACTCCATGTGTAGCGGTGGAATGCGTAGATATATGGAAGAACACCAGTGGCGAAGGCGGCTCTCTGGTCTGCAACTTACGCTGAGGCTCGA,95e996b6512a4c0dabab115e50e16520
105,9be95b0c2e488419b311b5ca45fcd55c,Firmicutes,Bacilli,Lactobacillales,Lactobacillaceae,Lactobacillus,Lactobacillus,0.9961483,9be95b0c2e488419b311b5ca45fcd55c,TTGTCCGGATTTATTGGGCGTAAAGCGAGCGCAGGCGGAATGATAAGTCTGATGTGAAAGCCCACGGCTCAACCGTGGAACTGCATCGGAAACTGTCATTCTTGAGTGCAGAAGAGGAGAGTGGAACTCCATGTGTAGCGGTGGAATGCGTAGATATATGGAAGAACACCAGTAGCGAAGGCGGCTCTCTGGTCTGCAACTGACGCTGAGGCTCGA,9be95b0c2e488419b311b5ca45fcd55c
107,9e069f8264f418c6be215234ba620334,Firmicutes,Bacilli,Lactobacillales,Lactobacillaceae,Lactobacillus,Lactobacillus,0.9999997,9e069f8264f418c6be215234ba620334,TTGTCCGGATTTATTGGGCGTAAAGCGAGCGCAGGCGGAAAGATAAGTCTGAAGTGAAAGCCCCCGGCTTAACCGGGGAACTGCTTCGGAAACTGTCCTTCTTGAGTGTAGAAGAGGAGAGTGGAACTCCATGTGTAGCGGTGGAATGCGTAGATATATGGAAGAACACCAGTGGCGAAGGCGGCTCTCTGGTCTGCAACTGACGCTGAGGCTCGA,9e069f8264f418c6be215234ba620334
109,a49edfac46c63cf4a58029c731d37daf,Firmicutes,Bacilli,Lactobacillales,Lactobacillaceae,Lactobacillus,Lactobacillus,0.9951483,a49edfac46c63cf4a58029c731d37daf,TTGTCCGGATTTATTGGGCGTAAAGCGAGCGCAGGCGGAATGATAAGTCTGATGTGAAAGCCCACGGCTCAACCGTGGAACTGCATCGGAAACTGTCATTCTTGAGTGCAGAAGAGGAGAGTGGAACTCCATGTGTAGCGGTGGAATGCGTAGATATATTGAAGAACACCAGTGGCGAAGGCGGCTCTCTGGTCTGCAACTGACGCTGAGGCTCGA,a49edfac46c63cf4a58029c731d37daf
113,a872df88e9ac1403c9586304c22e8ba5,Firmicutes,Bacilli,Lactobacillales,Lactobacillaceae,Lactobacillus,Lactobacillus,0.9999996,a872df88e9ac1403c9586304c22e8ba5,TTGTCCGGATTTATTGGGCGTAAAGCGAGCGCAGGCGGAAGAATAAGTATGATGTGAAAGCCCTCGGCTTAACCGAGGAACTGCATCGGAAACTGTTTTTCTTGAGTGCAGAAGAGGAGAGTGGAACTCCATGTGTAGCGGTGGAATGCGTAGATATATGGAAGAACACCAGTGGCGAAGGCGGCTCTCTGGTCTGCAACTGACGCTGAGGCTCGA,a872df88e9ac1403c9586304c22e8ba5
116,ab5635820e7b55c502b8f688ec4ffca5,Firmicutes,Bacilli,Lactobacillales,Lactobacillaceae,Lactobacillus,Lactobacillus,0.9999985,ab5635820e7b55c502b8f688ec4ffca5,TTGTCCGGATTTATTGGGCGTAAAGCGAGCGCAGGCGGAAGAATAAGTCTGATGTGAAAGCCCTCGGCTTAACCGAGGAACTGCATCGGAAACTGTTTTTCTTGAGTGCAGAAGAGGAGAGTGGAACTCCATGTGTAGCGGTGGAATGCGTAGATATATGGAAGAACACCAGTGGCGAAGGCGACTTTCTGGACAGAAACTGACGTTGAGGCACGA,ab5635820e7b55c502b8f688ec4ffca5
117,abfa2e0d1c0e8e606d00774c00b3b7d1,Firmicutes,Bacilli,Lactobacillales,Lactobacillaceae,Lactobacillus,Lactobacillus,0.999999,abfa2e0d1c0e8e606d00774c00b3b7d1,TTGTCCGGATTTATTGGGCGTAAAGCGAGCGCAGGCGGAAAAATAAGTCTAATGTGAAAGCCCTCGGCTTAACCGAGGAACTGCATCGGAAACTGTTTTTCTTGAGTGCAGAAGAGGAGAGTGGAACTCCATGTGTAGCGGTGGAATGCGTAGATATATGGAAGAACGCCAGTGGCGAAGGCGGCTCTCTGGTCTGCAACTGACGCTGAGGCTCGA,abfa2e0d1c0e8e606d00774c00b3b7d1
118,b0437bba6773161d3c3394f16aa909db,Firmicutes,Bacilli,Lactobacillales,Lactobacillaceae,Lactobacillus,Lactobacillus,0.9999969,b0437bba6773161d3c3394f16aa909db,TTATCCGGATTTATTGGGCGTAAAGCGAGCGCAGGCGGTTTGATAAGTCTGATGTGAAAGCCTTTGGCTTAACCAAAGAAGTTCATCGGAAACTGTCAGACTTGAGTGCAGAAGAGGATAGTGGAACTCCATGTGTAGCGGTGGAATGCGTAGATATATGGAAGAACACCAGTGGCGAAGGCGGCTGTCTGGTCTGCAACTGACGCTGAGGCTCGA,b0437bba6773161d3c3394f16aa909db
119,b133e1940273fe267056cd1a77ea8f91,Firmicutes,Bacilli,Lactobacillales,Lactobacillaceae,Lactobacillus,Lactobacillus,0.999998,b133e1940273fe267056cd1a77ea8f91,TTATCCGGATTTATTGGGCGTAAAGCGAGCGCAGGCGGTTGCTTAGGTCTGATGTGAAAGCCTTCGGCTTAACCAAAGAAGTGCATCGGAAACCGGGCGACTTGAGTGCAGAAGAGGACAGTGGAACTCCATGTGTAGCGGTGGAATGCGTAGATATATGGAAGAACACCAGTGGCGAAGGCGGCTGTCTGGTCTGCAACTGACGCTGAGGCTCGA,b133e1940273fe267056cd1a77ea8f91
120,b2612c4e3b9e1f077aee31ef085c0b12,Firmicutes,Bacilli,Lactobacillales,Lactobacillaceae,Lactobacillus,Lactobacillus,0.9999997,b2612c4e3b9e1f077aee31ef085c0b12,TTGTCCGGATTTATTGGGCGTAAAGCGAGCGCAGGCGGAAAGATAAGTCTGAAGTGAAAGCCCCCGGCTTAACCGGGGAACTGCTTCGGAAACTGTCCTTCTTGAGTGCAGAAGAGGAGAGTGGAACTCCATGTGTAGCGGTGGAATGCGTAGATATATGGAAGAACACCAGTGGCGAAGGCTGCTCTCTGGTCTGCAACTGACGCTGAGGCTCGA,b2612c4e3b9e1f077aee31ef085c0b12
121,b6a98c9149d07c5468d26812e0e7a9bd,Firmicutes,Bacilli,Lactobacillales,Lactobacillaceae,Lactobacillus,Lactobacillus,0.9933585,b6a98c9149d07c5468d26812e0e7a9bd,TTGTCCGGATTTATTGGGCGTAAAGCGAGCGCAGGCGGAATGATAAGTCTGATGTGAAAGCCCACGGCTCAACCGTGGAACTGCATCGGAAACTGTCATTCTTGAGTGCAGAAGAGGAGAGTGGAACTCCATGTGTAGCGGTGGAATGCGTAGATATATGGAAGAACACCAGTGGCGAAGGCGGCTGTCTGTTCTGCAACTGACGCTGAGGCTCGA,b6a98c9149d07c5468d26812e0e7a9bd
122,b733686da885c068d1867bc0455237da,Firmicutes,Bacilli,Lactobacillales,Lactobacillaceae,Lactobacillus,Lactobacillus,0.9999989,b733686da885c068d1867bc0455237da,TTGTCCGGATTTATTGGGCGTAAAGCGAGCGCAGGCGGAAAAATAAGTCTAATGTGAAAGCCCTCGGCTTAACCGAGGAACTGCATCGGAAACTGTTTTTCTTGAGTGCAGAAGAGGAGAGTGGAACTCCATGTGTAGCGGTGGAATGCGTAGATATATGGAAGAACACCAGTGGCGAAGGCGGCCTGCTGGACATTAACTGACGCTGAGGAGCGA,b733686da885c068d1867bc0455237da
123,b7c794e675f986384eeedced036fda02,Firmicutes,Bacilli,Lactobacillales,Lactobacillaceae,Lactobacillus,Lactobacillus,0.9999964,b7c794e675f986384eeedced036fda02,TTATCCGGATTTATTGGGCGTAAAGCGAGCGCAGGCGGTTGCTTAGGTCTGATGTGAAAGCCTTCGGCTTAACCGAAGAAGTGCATCGGAAACCGGGCGACTTGAGTGCAGAAGAGGACAGTGGAACTCCATGTGTAGCGGTGGAATGCGTAGATATATGGAAGAACACCAGTGGCGAAGGCGGCTGTCTGGTCTGCAGCTGACGCTGAGGCTCGA,b7c794e675f986384eeedced036fda02
126,b99cd982283d15e0b58f220541afbd27,Firmicutes,Bacilli,Lactobacillales,Lactobacillaceae,Lactobacillus,Lactobacillus,1,b99cd982283d15e0b58f220541afbd27,TTGTCCGGATTTATTGGGCGTAAAGCGAGTGCAGGCGGTTCAATAAGTCTGATGTGAAAGCCTTCGGCTCAACCGGAGAATTGCATCAGAAACTGTTGAACTTGAGTGCGGAAGAGGAGAGTGGAACTCCATGTGTAGCGGTGGAATGCGTAGATATATGGAAGAACACCAGTGGCGAAGGCGGCTCTCTGGTCTGCAACTGACGCTGAGGCTCGA,b99cd982283d15e0b58f220541afbd27
127,ba87c0ea88944506b111be7909db9c78,Firmicutes,Bacilli,Lactobacillales,Lactobacillaceae,Lactobacillus,Lactobacillus,0.9999529,ba87c0ea88944506b111be7909db9c78,TTATCCGGATTTATTGGGTGTAAAGAGTGCGTAGACGGGAGAATAAGTTGGTTGTGAAATCCCTCGGCTTAACCGAGGAACTGCATCGGAAACTGTTTTTCTTGAGTGCAGAAGAGGAGAGTGGAACTCCATGTGTAGCGGTGGAATGCGTAGATATATGGAAGAACACCAGTGGCGAAGGCGGCTCTCTGGTCTGCAACTGACGCTGAGGCTCGA,ba87c0ea88944506b111be7909db9c78
128,bbb4d01d55af6a1c36fe29a28cd2924d,Firmicutes,Bacilli,Lactobacillales,Lactobacillaceae,Lactobacillus,Lactobacillus,0.9997692,bbb4d01d55af6a1c36fe29a28cd2924d,TTGTCCGGATTTATTGGGCGTAAAGCGAGCGCAGGCGGAAGAATAAGTCTGATGTGAAAGCCCTCGGCTTAACCGAGGAACTGCATCGGAAACTGTTTTTCTTGAGTGCAGAAGAGGAGAGTGGAACTCCATGTGTAGCGGTGAAATGCGTAGATATTAGGAGGAACACCAGTGGCGAAGGCGACTTTCTGGACAGTAACTGACGTTGAGGCACGA,bbb4d01d55af6a1c36fe29a28cd2924d
129,bda9dee15511c963934ce6df38199ff5,Firmicutes,Bacilli,Lactobacillales,Lactobacillaceae,Lactobacillus,Lactobacillus,0.999999,bda9dee15511c963934ce6df38199ff5,TTGTCCGGATTTATTGGGCGTAAAGCGAGCGCAGGCGGAAAAATAAGTCTAATGTGAAAGCCCTCGGCTTAACCGAGGAACTGCATCGGAAACTGTTTTTCTTGAGTGCAGAAGAGGAGAGTGGAACTCCATGTGTAGTGGTGGAATGCGTAGATATATGGAAGAACACCAGTGGCGAAGGCGGCTCTCTGGTCTGCAACTGACGCTGAGGCTCGA,bda9dee15511c963934ce6df38199ff5
131,bf3670b3332a678ff57eedb66e5994f4,Firmicutes,Bacilli,Lactobacillales,Lactobacillaceae,Lactobacillus,Lactobacillus,0.9999983,bf3670b3332a678ff57eedb66e5994f4,TTGTCCGGATTTATTGGGCGTAAATGTAACGCAGGCGGTCTTTTAAGTCTGATGTGAAAGCCTTCGGCTTAACCGGAGTAGTGCATTGGAAACTGGAAGACTTGAGTGCAGAAGAGGAGAGTGGAACTCCATGTGTAGCGGTGAAATGCGTAGATATATGGAAGAACACCAGTGGCGAAAGCGGCTCTCTGGTCTGTAACTGACGCTGAGGTTCGA,bf3670b3332a678ff57eedb66e5994f4
133,c1d8b65cccc067be52395c7109cc90bc,Firmicutes,Bacilli,Lactobacillales,Lactobacillaceae,Lactobacillus,Lactobacillus,0.9999947,c1d8b65cccc067be52395c7109cc90bc,TTATCCGGATTTATTGGGCGTAAAGCGAGCGCAGGCGGTTGCTTAGGTCTGATGTGAAAGCCTTCGGCTTAACCGAAGAAGTGCATAGGAAACCGGGCGACTTGAGTGCAGAAGAGGACAGTGGAACTCCATGTGTAGCGGTGGAATGCGTAGATATATGGAAGAACACCAGTGGCGAAGGCGGCTGTCTGGTCTGCAACTGACGCTGAGGCTCGA,c1d8b65cccc067be52395c7109cc90bc
134,c6a73c946326d09eaf6637d1f29ff09d,Firmicutes,Bacilli,Lactobacillales,Lactobacillaceae,Lactobacillus,Lactobacillus,0.9958172,c6a73c946326d09eaf6637d1f29ff09d,TTGTCCGGATTTATTGGGCGTAAAGCGAGCGCAGGCAGAATGATAAGTCTGATGTGAAAGCCCACGGCTCAACCGTGGAACTGCATCGGAAACTGTCATTCTTGAGTGCAGAAGAGGAGAGTGGAACTCCATGTGTAGCGGTGGAATGCGTAGATATATGGAAGAACACCAGTGGCGAAGGCGGCTCTCTGGTCTGCAACTGACGCTGAGGCTCGA,c6a73c946326d09eaf6637d1f29ff09d
135,c6ba7e9adcbc50c0ac80c64cefbd4357,Firmicutes,Bacilli,Lactobacillales,Lactobacillaceae,Lactobacillus,Lactobacillus,0.9999926,c6ba7e9adcbc50c0ac80c64cefbd4357,TTATCCGGATTTATTGGGCGTAAAGCGAGCGCAGGCGGTTGCTTAGGTCTGATGTGAAAGCCTTCGGCTTAACCGAAGAAGTGCATCGGAAACCGGGCAACTTGAGTGCAGAAGAGGACAGTGGAACTCCATGTGTAGCGGTGGAATGCGTAGATATATGGAAGAACACCAGTGGCGAAGGCGGCTGTCTGGTCTGCAACTGACGCTGAGGATCGA,c6ba7e9adcbc50c0ac80c64cefbd4357
136,c75cc0df91753c760cd3e07a84e6ce82,Firmicutes,Bacilli,Lactobacillales,Lactobacillaceae,Lactobacillus,Lactobacillus,0.9856849,c75cc0df91753c760cd3e07a84e6ce82,TTGTCCGGATTTATTGGGCGTAAAGCGAGCGCAGGCGGAAAAATAAGTCTAATGTGAAAGCCCACGGCTCAACCGTGGAACTGCATCGGAAACTGTCATTCTTGAGTGCAGAAGAGGAGAGTGGAACTCCATGTGTAGCGGTGGAATGCGTAGATATATGGAAGAACACCAGTGGCGAAGGCTGCTCTCTGGTCTGCAACTGACGCTGAGGCTCGA,c75cc0df91753c760cd3e07a84e6ce82
137,ca06344bc83f2639c2bb6d9c4a3ff6e0,Firmicutes,Bacilli,Lactobacillales,Lactobacillaceae,Lactobacillus,Lactobacillus,0.9999996,ca06344bc83f2639c2bb6d9c4a3ff6e0,TTGTCCGGATTTATTGGGCGTAAAGCGAGCGCAGGCGGAAAGATAAGTCTGAAGTGAAAGCCCCCGGCTTAACCGGGGAACTGCTTCGGAAACTGTCCTTCTTGAGTGCAGAAGAGGAGAGTGGAACTCCATGTGTAGCGGTGGAATGCGTAGATATATGGAAGAACACCAGTGGCGAAGGCGGTTCTCTGGTCTGCAACTGACGCTGAGGCTCGA,ca06344bc83f2639c2bb6d9c4a3ff6e0
138,d2da00dcd3f67add18a2c632ca9f6a73,Firmicutes,Bacilli,Lactobacillales,Lactobacillaceae,Lactobacillus,Lactobacillus,0.9999652,d2da00dcd3f67add18a2c632ca9f6a73,TTGTCCGGATTTATTGGGCGTAAAGGGAACGCAGGCGGTCTTTTAAGTCTGATGTGAAAGCCTTCGGCTTAACCGGAGTAGTGCATTGGAAACTGGAAGACTTGAGTGCAGAAGAGGAGAGTGGAACTCCATGTGTAGCGGTGAAATGCGTAGATATTTGTAGGAATGCCGATGGGGAAGCCAGCCCACTGGACAGATACTGACGCTAAAGCGCGA,d2da00dcd3f67add18a2c632ca9f6a73
139,d369a1ac0bf7603078a46a378abe676b,Firmicutes,Bacilli,Lactobacillales,Lactobacillaceae,Lactobacillus,Lactobacillus,0.995247,d369a1ac0bf7603078a46a378abe676b,TTGTCCGGATTTATTGGGCGTAAAGCGAGCGCAGGCGGAATGATAAGTCTGATGTGAAAGCCCACGGCTCAACCGTGGAACTGCATCGGAAACTGTCATTCTTGAGTGCAGAAGAGGAGAGTGGAACTCCATGTGTAGCGGTGGAATGCGTAGATATATGGAAGAACACCAGTGGTGAAGGCGGCTCTCTGGTCTGCAACTGACGCTGAGGCTCGA,d369a1ac0bf7603078a46a378abe676b
144,d932c3c5a14a702b8237676b3fcadc6c,Firmicutes,Bacilli,Lactobacillales,Lactobacillaceae,Lactobacillus,Lactobacillus,0.999978,d932c3c5a14a702b8237676b3fcadc6c,TTATCCGGATTTATTGGGCGTAAAGCGAGCGCAGGCGGTTGCTTAGGTCTGATGTGAAAGCCTTCGGCTTAACCGAAGAAGTGCATCGGAAACCGGGCGACTTGAGTGCAGAAGAGGATAGTGGAACTCCATGTGTAGCAGTGGAATGCGTAGATATATGGAAGAACACCAGTGGCGAAGGCGGCTGTCTGGTCCGCAACTGACGCTGAGGCTCGA,d932c3c5a14a702b8237676b3fcadc6c
145,ddb854872793e7ff181f3031de3cdca5,Firmicutes,Bacilli,Lactobacillales,Lactobacillaceae,Lactobacillus,Lactobacillus,0.9999982,ddb854872793e7ff181f3031de3cdca5,TTATCCGGATTTATTGGGCGTAAAGCGAGCGCAGGCGGTTGCTTAGGTCTGATGTGAAAGCCTTCGGCTTAACCGAAGAAGTGCATCGGAAACCGGGCGACTTGGGTGCAGAAGAGGACAGTGGAACTCCATGTGTAGCGGTGGAATGCGTAGATATATGGAAGAACACCAGTGGCGAAGGCGGCTGTCTGGTCTGCAACTGACGCTGAGGCTCGA,ddb854872793e7ff181f3031de3cdca5
146,df0d69605d8b1285cbbf2bda227932ce,Firmicutes,Bacilli,Lactobacillales,Lactobacillaceae,Lactobacillus,Lactobacillus,0.9995069,df0d69605d8b1285cbbf2bda227932ce,TTATCCGGAATTATTGGGCGTAAAGCGAGCGCAGGCGGTTGCTTAGGTCTGATGTGAAAGCCTTCGGCTTAACCGGAGTAGTGCATTGGAAACTGGAAGACTTGAGTGCAGAAGAGGAGAGTGGAACTCCATGTGTAGCGGTGAAATGCGTAGATATATGGAAGAACACCAGTGGCGAAAGCGGCTCTCTGGTCTGTAACTGACGCTGAGGTTCGA,df0d69605d8b1285cbbf2bda227932ce
149,e3f18a4af180a3f5fa39ff82ee4a6dfd,Firmicutes,Bacilli,Lactobacillales,Lactobacillaceae,Lactobacillus,Lactobacillus,0.9999989,e3f18a4af180a3f5fa39ff82ee4a6dfd,TTGTCCGGATTTATTGGGCGTAAAGGGAATGCAGGCGGTCTTTTAAGTCTGATGTGAAAGCCTTCGGCTTAACCGGAGTAGTGCATTGGAAACTGGAAGACTTGAGTGCAGAAGAGGAGAGTGGAACTCCATGTGTAGCGGTGAAATGCGTAGATATATGGAAGAACACCAGTGGCGAAAGCGGCTCTCTGGTCTGTAACTGACGCTGAGGTTCGA,e3f18a4af180a3f5fa39ff82ee4a6dfd
150,e42a5855d12d4abc42f747a6e9385023,Firmicutes,Bacilli,Lactobacillales,Lactobacillaceae,Lactobacillus,Lactobacillus,0.9999999,e42a5855d12d4abc42f747a6e9385023,TTGTCCTGATTTATTGGGCGTAAAGAGAGTGCAGGCGGTTCAATAAGTCTGATGTGAAAGCCTTCGGCTCAACCGGAGAATTGCATCAGAAACTGTTGAACTTGAGTGCAGAAGAGGAGAGTGGAACTCCATGTGTAGCGGTGGAATGCGTAGATATATGGAAGAACACCAGTGGCGAAGGCGGCTCTCTGGTCTGCAACTGACGCTGAGGCTCGA,e42a5855d12d4abc42f747a6e9385023
151,e6de8ec44191102c1af6a2ab42eebaac,Firmicutes,Bacilli,Lactobacillales,Lactobacillaceae,Lactobacillus,Lactobacillus,0.9999996,e6de8ec44191102c1af6a2ab42eebaac,TTGTCCGGATTTATTGGGCGTAAAGCGAGCGCAGGCGGAAGAATAAGTCTGATGTGAAAGCCCTCGGCTTAACCGAGGAACTGCATCGGAAACTGTTTTTCTTGAGTGCAGAAGAGGAGAGTGGAACTCCATGTGTAGCGGTGGGATGCGTAGATATATGGAAGAACACCAGTGGCGAAGGCGGCTCTCTGGTCTGCAACTGACGCTGAGGCTCGA,e6de8ec44191102c1af6a2ab42eebaac
152,e769666a3858902a6f42570a2a72319c,Firmicutes,Bacilli,Lactobacillales,Lactobacillaceae,Lactobacillus,Lactobacillus,0.9999951,e769666a3858902a6f42570a2a72319c,TTATCCGGATTTATTGGGCGTAAAGCGAGCGCAGGCGGTTGCTTAGGTCTGATGTGAAAGCCTTCGGCTTAACCGAAGAAGTGCATCGGAAACCGGGCAACTTGAGTGCAGAAGAGGACAGTGGAACTCCATGTGTAGCGGTGGAATGCGTAGATATATGGAAGAACACCAGTGGCGAAGGCGGCTGTCTGGTCTGCAACTGACGCTGAGGCTCGA,e769666a3858902a6f42570a2a72319c
153,e8337a688da2dd04a31ca79b3d820ab3,Firmicutes,Bacilli,Lactobacillales,Lactobacillaceae,Lactobacillus,Lactobacillus,0.9999814,e8337a688da2dd04a31ca79b3d820ab3,TTATCCGGATTTATTGGGCGTAAAGCGAGCGCAGGTGGTTGCTTAGGTCTGATGTGAAAGCCTTCGGCTTAACCGAAGAAGTGCATCGGAAACCGGGCAACTTGAGTGCAGAAGAGGACAGTGGAACTCCATGTGTAGCGGTGGAATGCGTAGATATATGGAAGAACACCAGTGGCGAAGGCGGCTGTCTGGTCTGCAACTGACGCTGAGGCTCGA,e8337a688da2dd04a31ca79b3d820ab3
154,e916105ed9906635e67f195e2b33e3aa,Firmicutes,Bacilli,Lactobacillales,Lactobacillaceae,Lactobacillus,Lactobacillus,0.9999934,e916105ed9906635e67f195e2b33e3aa,TTGTCCGGATTTATTGGGCGTGAAGCGAGCGCAGGCGGAAAAATAAGTCTAATGTGAAAGCCCTTGGCTTAACCGAGGAACTGCATCGGAAACTGTTTTTCTTGAGTGCAGAAGAGGAGAGTGGAACTCCATGTGTAGCGGTGGAATGCGTAGATATATGGAAGAACACCAGTGGCGAAGGCGGCTCTCTGGTCTGCAACTGACGCTGAGGCTCGA,e916105ed9906635e67f195e2b33e3aa
155,eb60fac560c7bc09e2dda5325e7be511,Firmicutes,Bacilli,Lactobacillales,Lactobacillaceae,Lactobacillus,Lactobacillus,0.9999997,eb60fac560c7bc09e2dda5325e7be511,TTGTCCGGATTTATTGGGCGTAAAGCGAGTGCAGGCGGTTCAATAAGTCTGATGTGAAAGCCTTCGGCTCAACCGGAGAATTGCATCAGAAACTGTTGAACTTGAGTGCAGAAGAGGAGAGTGGAACTCCATGTGTAGCGGTGGAATGCGTAGATATATGGAAGAACACCAGTGGCGAAGGCGGCCTGCTGGACATTAACTGACGCTGAGGCGCGA,eb60fac560c7bc09e2dda5325e7be511
156,ec955931c610b1803ed0c45036cb6c23,Firmicutes,Bacilli,Lactobacillales,Lactobacillaceae,Lactobacillus,Lactobacillus,0.9950992,ec955931c610b1803ed0c45036cb6c23,TTGTCCGGATTTATTGGGCGTAAAGCGAGCGCAGGCGGAATGATAAGTCTGATGTGAAAGCCCACGGCTCAACCGTGGAACTGCATCGGAAACTGTCATTCTTGAGTGCAGAAGAGGAGAGTGGAACTCCATGTGTATCGGTGGAATGCGTAGATATATGGAAGAACACCAGTGGCGAAGGCGGCTCTCTGGTCTGCAACTGACGCTGAGGCTCGA,ec955931c610b1803ed0c45036cb6c23
157,ecaa898888a53dc4de144f53c2d4e402,Firmicutes,Bacilli,Lactobacillales,Lactobacillaceae,Lactobacillus,Lactobacillus,0.9987625,ecaa898888a53dc4de144f53c2d4e402,TTGTCCGGATTTATTGGGCGTAAAGCGAGCGCAGGCGGTTTCTTAAGTCTGATGTGAAAGCCTTCGGCTCAACCGAAGAAGTGCATCGGAAACTGGGAAACTTGAGTGCAGAAGAGGACAGTGGAACTCCATGTGTAGCGGTGAAATGCGTAGATATATGGAAGAACACCAGTGGCGAAGGCGGCTGTCTGGTCTGTAACTGACGCTGAGGCTCGA,ecaa898888a53dc4de144f53c2d4e402
159,edb080c0c3857cef5e3113cc2f195236,Firmicutes,Bacilli,Lactobacillales,Lactobacillaceae,Lactobacillus,Lactobacillus,0.9999998,edb080c0c3857cef5e3113cc2f195236,TTGTCCGGATTTATTGGGCGTAAAGCGAGCGCAGGCGGAAAGATAAGTCTGAAGTGAAAGCCCCCGGCTTAACCGGGGAACTGCTTCGGAAACTGTCCTTCTTGAGTGTAGAAGAGGAGAGTGGAACTCCATGTGTAGCGGTGGAATGCGTAGATATATGGAAGAACACCAGTGGCGAAGGCGGCTGTCTGGTCTGCAACTGACGCTGAGGCTCGA,edb080c0c3857cef5e3113cc2f195236
161,f1647ba4480a431e0ec2af92cb47d73b,Firmicutes,Bacilli,Lactobacillales,Lactobacillaceae,Lactobacillus,Lactobacillus,0.98843,f1647ba4480a431e0ec2af92cb47d73b,TTGTCCGGATTTATTGGGCGTAAAGCGAGCGCAGGCGGAATGATAAGTCTGATGTGAAAGCCCACGGCTCAACCGTGGAACTGCATCGGAAACTGTCATTCTTGAGTGCAGAAGAGGAGAGTGGAATTCCATGTGTAGCGGTGGAATGCGTAGATATATGGAAGAACACCAGTGGCGAAGGCGGCTCTCTGGTCTGCAACTGACGCTGAGGCTCGA,f1647ba4480a431e0ec2af92cb47d73b
162,f664e26f149ad94f832825101720297f,Firmicutes,Bacilli,Lactobacillales,Lactobacillaceae,Lactobacillus,Lactobacillus,0.9999981,f664e26f149ad94f832825101720297f,TTGTCCGGATTTATTGGGCGTAAAGCGAGCGCAGGCGGAAAGATAAGTCTGAAGTGAAAGCCCCCTGCTTAACCGGGGAACTGCTTCGGAAACTGTCCTTCTTGAGTGCAGAAGAGGAGAGTGGAACTCCATGTGTAGCGGTGGAATGCGTAGATATATGGAAGAACACCAGTGGCGAAGGCGGCTCTCTGGTCTGCAACTGACGCTGAGGCTCGA,f664e26f149ad94f832825101720297f
163,f7c5f11a11c7a411ab7e671512a20a06,Firmicutes,Bacilli,Lactobacillales,Lactobacillaceae,Lactobacillus,Lactobacillus,0.9999997,f7c5f11a11c7a411ab7e671512a20a06,TTGTCCGGATTTATTGGGCGTAAAGCGAGCGCAGGCGGAAAGATAAGTCTGAAGTGAAAGCCCCCGGCTTAACCGGGGAACTGCTTCGGAAACTGTCCTTCTTGAGTGCAGAAGAGGAGAGTGGAACTCCATGTGTAGCGGTGGAATGCGTAGATATATGGAAGAACACCAGTGGCGAAGGCGGCTCTCTGGTCTGCAACTGACGCTGAGGCTCGA,f7c5f11a11c7a411ab7e671512a20a06
14,116fc3682d6b762a04372e8525f19550,Firmicutes,Bacilli,Lactobacillales,Lactobacillaceae,Lactobacillus,Lactobacillus agilis,0.919695,116fc3682d6b762a04372e8525f19550,TTGTCCGGATTTATTGGGCGTAAAGGGAACGCAGGCGGTCCTTTAAGTCTGATGTGAAAGCCTTCGGCTTAACCGAAGAATTGCATTGGAAACTGGAGGACTTGAGTGCAGAAGAGGAGAGTGGAACTCCATGTGTAGCGGTGAAATGCGTAGATATATGGAAGAACACCAGTGGCGAAAGCGGCTCTCTGGTCTGTAACTGACGCTGAGGTTCGA,116fc3682d6b762a04372e8525f19550
11,0e6d46eb461afce97335119aaf773466,Firmicutes,Bacilli,Lactobacillales,Lactobacillaceae,Lactobacillus,Lactobacillus aviarius,0.9551805,0e6d46eb461afce97335119aaf773466,TTGTCCGGATTTATTGGGCGTAAAGGGAACGCAGGCGGTTTTTTAAGTCTGATGTGAAAGCCTTCGGCTTAACCGGAGATGTGCATTGGAAACTGGAAGACTTGAGTGCAGAAGAGGAGAGTGGAACTCCATGTGTAGCGGTGAAATGCGTAGATATATGGAAGAACACCAGTGGCGAAAGCGGCTCTCTGGTCTGTAACTGACGCTGAGGTTCGA,0e6d46eb461afce97335119aaf773466
2,011be13fe1aaee093a9c0cfc68836f37,Firmicutes,Bacilli,Lactobacillales,Lactobacillaceae,Lactobacillus,Lactobacillus coleohominis DSM 14060,0.95533,011be13fe1aaee093a9c0cfc68836f37,TTATCCGGATTTATTGGGCGTAAAGCGAGCGCAGGCGGTTTTCTAAGTCTGATGTGAAAGCCTTCGGCTTAACCGGAGAAGTGCATCGGAAACTGGATAACTTGAGTGCAAGAGAGGACAGTGGAACTCCATGTGTAGCGGTGGAATGCGTAGATATATGGAAGAACACCAGTGGCGAAGGCGGCTGTCTAGCTTGCAACCGACGCTGAGGCTCGA,011be13fe1aaee093a9c0cfc68836f37
114,a8f931a6d9b643de264936f64dd83833,Firmicutes,Bacilli,Lactobacillales,Lactobacillaceae,Lactobacillus,Lactobacillus coleohominis DSM 14060,0.832144,a8f931a6d9b643de264936f64dd83833,TTATCCGGATTTATTGGGCGTAAAGCGAGCGCAGGCGGTTTTCTAAGTCTGATGTGAAAGCCTTCGGCTTAACCGGAGAAGTGCATCGGAAACTGGATAACTTGAGTGTAAGAGAGGACAGTGGAACTCCATGTGTAGCGGTGGAATGCGTAGATATATGGAAGAACACCAGTGGCGAAGGCGGCTGTCTAGCTTGCAACTGACGCTGAGGCTCGA,a8f931a6d9b643de264936f64dd83833
165,f99856e0f86a21e1a0d70c870e62443f,Firmicutes,Bacilli,Lactobacillales,Lactobacillaceae,Lactobacillus,Lactobacillus coleohominis DSM 14060,0.9752512,f99856e0f86a21e1a0d70c870e62443f,TTATCCGGATTTATTGGGCGTAAAGCGAGCGCAGGCGGTTTTCTAAGTCTGATGTGAAAGCCTTCGTCTTAACCGGAGAAGTGCATCGGAAACTGGATAACTTGAGTGCAAGAGAGGACAGTGGAACTCCATGTGTAGCGGTGGAATGCGTAGATATATGGAAGAACACCAGTGGCGAAGGCGGCTGTCTAGCTTGCAACTGACGCTGAGGCTCGA,f99856e0f86a21e1a0d70c870e62443f
166,fa20e0fa52ee30517b49a617e9ed84d4,Firmicutes,Bacilli,Lactobacillales,Lactobacillaceae,Lactobacillus,Lactobacillus coleohominis DSM 14060,0.8995508,fa20e0fa52ee30517b49a617e9ed84d4,TTATCCGGATTTATTGGGCGTAAAGCGAGCGCAGGCGGTTTTCTAAGTCTGATGTGAAAGCCTTCGGCTTAACCGGAGAAGTGCATCGGAAACTGGATAACTTGAGTGCAAGAGAGGACAGTGGAACTCCATGTGTAGCGGTGGAATGCGTAGATATATGGAAGAACACCAGTGGCGAAGGCGGCTGTCTAGCTTGCAACTGACGCTGAGGCTCGA,fa20e0fa52ee30517b49a617e9ed84d4
6,0903fc36f6e325abc78049def1123549,Firmicutes,Bacilli,Lactobacillales,Lactobacillaceae,Lactobacillus,Lactobacillus fermentum,0.9388428,0903fc36f6e325abc78049def1123549,TTATCCGGATTTATTGGGCGTAAAGAGAGTGCAGGCGGTTTTCTAAGTCTGATGTGAAAGCCTTCGGCTTAACCGGAGAAGTGCATCGGAAACTGGATAACTTGAGTGCAGAAGAGGGTAGTGGAACTCCATGTGTAGCGGTGGAATGCGTAGATATATGGAAGAACACCAGTGGCGAAGGCGGCTACCTGGTCTGCAACTGACGCTGAGACTCGA,0903fc36f6e325abc78049def1123549
10,0db821db735c6ce38102a3c57c7113f7,Firmicutes,Bacilli,Lactobacillales,Lactobacillaceae,Lactobacillus,Lactobacillus helveticus,0.7145415,0db821db735c6ce38102a3c57c7113f7,TTGTCCGGATTTATTGGGCGTAAAGCGAGCGCAGGCGGAAGAATAAGTCTGATGTGAAAGCCCTCGGCTTAACCGAGGAACTGCATCGGAAACTGTTTTTCTTGAGTGCAGAAGAGGAGAGTGGAACTCCATGTGTAGCGGTGGAATGCGTAGATATATGGAAGAACACCAGTGGCGAAGGCGACTCTCTGGTCTGCAACTGACGCTGAGGCTCGA,0db821db735c6ce38102a3c57c7113f7
164,f97758179ed127a39748d6b0c10762e6,Firmicutes,Bacilli,Lactobacillales,Lactobacillaceae,Lactobacillus,Lactobacillus helveticus,0.8567138,f97758179ed127a39748d6b0c10762e6,TTGTCCGGATTTATTGGGCGTAAAGCGAGCGCAGGCGGAAGAATAAGTCTGATGTGAAAGCCCTCGGCTTAACCGAGGAACTGCATCGGAAACTGTTTTTCTTGAGTGCAGAAGAGGAGAGTGGAATTCCATGTGTAGCGGTGGAATGCGTAGATATATGGAAGAACACCAGTGGCGAAGGCGACTCTCTGGTCTGCAACTGACGCTGAGGCTCGA,f97758179ed127a39748d6b0c10762e6
72,678a0334015b7884bcc034614aad44b0,Firmicutes,Bacilli,Lactobacillales,Lactobacillaceae,Lactobacillus,Lactobacillus iners AB-1,0.993505,678a0334015b7884bcc034614aad44b0,TTGTCCGGATTTATTGGGCGTAAAGCGAGTGCAGGCGGCTCGATAAGTCTGATGTGAAAGCCTTCGGCTCAACCGGAGAATTGCATCAGAAACTGTCGAGCTTGAGTACAGAAGAGGAGAGTGGAACTCCATGTGTAGCGGTGAAATGCGTAGATATATGGAAGAACACCGGTGGCGAAGGCGGCTCTCTGGTCTGTTACTGACGCTGAGGCTCGA,678a0334015b7884bcc034614aad44b0
80,76f9d8a99507511b6d5aac13ebcd3e8f,Firmicutes,Bacilli,Lactobacillales,Lactobacillaceae,Lactobacillus,Lactobacillus ingluviei,0.9783557,76f9d8a99507511b6d5aac13ebcd3e8f,TTATCCGGATTTATTGGGCGTAAAGCGAGCGCAGGCGGTTTTCTAAGTCTGATGTGAAAGCCTTCGGCTTAACCGAAGAAGTGCATCGGAAACTGGATGACTTGAGTGCAGAAGAGGGCAGTGGAACTCCATGTGTAGCGGTGGAATGCGTAGATATATGGAAGAACACCAGTGGCGAAGGCGGCTGCCTGGTCTGTAACTGACGCTGAGGCTCGA,76f9d8a99507511b6d5aac13ebcd3e8f
124,b8347f3a82359a7e9c808a5b8906343f,Firmicutes,Bacilli,Lactobacillales,Lactobacillaceae,Lactobacillus,Lactobacillus ingluviei,0.9294431,b8347f3a82359a7e9c808a5b8906343f,TTATCCGGATTTATTGGGCGTAAAGCGAGCGCAGGCGGTTTTCTAAGTCTGATGTGAAAGCCTTCGGCTTAACCGAAGAAGTGCATCGGAAACTGGGTGACTTGAGTGCAGAAGAGGGCAGTGGAACTCCATGTGTAGCGGTGGAATGCGTAGATATATGGAAGAACACCAGTGGCGAAGGCGGCTGCCTGGTCTGTAACTGACGCTGAGGCTCGA,b8347f3a82359a7e9c808a5b8906343f
3,02da45e410a8fc86f2752190e029fbb0,Firmicutes,Bacilli,Lactobacillales,Lactobacillaceae,Lactobacillus,Lactobacillus mucosae,0.9307077,02da45e410a8fc86f2752190e029fbb0,TTATCCGGATTTATTGGGCGTAAAGCGAGCGCAGGCGGTTTGATAAGTCTGATGTGAAAGCCTTTGGCTTAACCGAAGAAGTGCATCGGAAACTGTCAGACTTGAGTGCAGAAGAGGACAGTGGAACTCCATGTGTAGCGGTGGAATGCGTAGATATATGGAAGAACACCAGTGGCGAAGGCGGCTGTCTGGTCTGCAACTGACGCTGAGGCTCGA,02da45e410a8fc86f2752190e029fbb0
8,0a2bce18eccde445a0d64b08f77fa73b,Firmicutes,Bacilli,Lactobacillales,Lactobacillaceae,Lactobacillus,Lactobacillus mucosae,0.7519087,0a2bce18eccde445a0d64b08f77fa73b,TTATCCGGATTTATTGGGCGTAAAGCGAGCGCAGGCGGTTTGATAAGTCTGATGTGAAAGCCTTTGGCTTAACCAAAGAAGTGCATCGGAAACTGTCAGACTTGAGTGCAGAAGAGGATAGTGGAACTCCATGTGTAGCGGTGGAATGCGTAGATATATGGAAGAACACCAGTGGCGAAGGCGGCTGTCTGGTCTGCAACTGACGCTGAGGCTCGA,0a2bce18eccde445a0d64b08f77fa73b
12,1009defbc4e9640df32474ed270cf1bb,Firmicutes,Bacilli,Lactobacillales,Lactobacillaceae,Lactobacillus,Lactobacillus mucosae,0.7364506,1009defbc4e9640df32474ed270cf1bb,TTATCCGGATTTATTGGGCGTAAAGCGAGCGCAGGCGGTTTGATAAGTCTGATGTGAAAGCCTTTGGCTTAACCAAAGAAGTGCATCGGAAACTGTCAGACTTGAGTGCAGAAGAGGACAGTGGAACTCCATGTGTAGCGGTAGAATGCGTAGATATATGGAAGAACACCAGTGGCGAAGGCGGCTGTCTGGTCTGCAACTGACGCTGAGGCTCGA,1009defbc4e9640df32474ed270cf1bb
30,2b15252701b1d01f16ae60ecb29d378a,Firmicutes,Bacilli,Lactobacillales,Lactobacillaceae,Lactobacillus,Lactobacillus mucosae,0.7575648,2b15252701b1d01f16ae60ecb29d378a,TTATCCGGATTTATTGGGCGTAAAGCGAGCGCAGGCGGTTTGATAAGTCTGATGTTAAAGCCTTTGGCTTAACCAAAGAAGTGCATCGGAAACTGTCAGACTTGAGTGCAGAAGAGGACAGTGGAACTCCATGTGTAGCGGTGGAATGCGTAGATATATGGAAGAACACCAGTGGCGAAGGCGGCTGTCTGGTCTGCAACTGACGCTGAGGCTCGA,2b15252701b1d01f16ae60ecb29d378a
37,344ed269404f2fc3b56700e5d7ef3759,Firmicutes,Bacilli,Lactobacillales,Lactobacillaceae,Lactobacillus,Lactobacillus mucosae,0.8538727,344ed269404f2fc3b56700e5d7ef3759,TTATCCGGATTTATTGGGCGTAAAGCGAGCGCAGGCGGTTTGATAAGTCTGATGTGAAAGCCTTTGGCTTAACCAAAGAAGTGCATCGGAAACTGTCAGACTTGAGTGCAGAAGAGGACAGTGGAACTCCATGTGTAGCGGTGGAATGCGTAGATATATGGAAGAACACCAGTGGCGAAGGCGGCTGTCTGGTCTGCAACTGACGCTGAGGCTCGA,344ed269404f2fc3b56700e5d7ef3759
42,3b6e0d73be79d6970be1b9496db0555d,Firmicutes,Bacilli,Lactobacillales,Lactobacillaceae,Lactobacillus,Lactobacillus mucosae,0.7515086,3b6e0d73be79d6970be1b9496db0555d,TTATCCGGATTTATTGGGCGTAAAGCGAGCGCAGGCGGTTTGATAAGTCTGATGTGAAAGCCTTTGGCTTAACCAAAGAAGTGCATCGGAAACTGTCAGACTTGAGTGCAGAAGAGTACAGTGGAACTCCATGTGTAGCGGTGGAATGCGTAGATATATGGAAGAACACCAGTGGCGAAGGCGGCTGTCTGGTCTGCAACTGACGCTGAGGCTCGA,3b6e0d73be79d6970be1b9496db0555d
89,83510cda2d1e73fb57b05403d4f89037,Firmicutes,Bacilli,Lactobacillales,Lactobacillaceae,Lactobacillus,Lactobacillus mucosae,0.7665837,83510cda2d1e73fb57b05403d4f89037,TTATCCGGATTTATTGGGCGTAAAGCGAGAGCAGGCGGTTTGATAAGTCTGATGTGAAAGCCTTTGGCTTAACCAAAGAAGTGCATCGGAAACTGTCAGACTTGAGTGCAGAAGAGGACAGTGGAACTCCATGTGTAGCGGTGGAATGCGTAGATATATGGAAGAACACCAGTGGCGAAGGCGGCTGTCTGGTCTGCAACTGACGCTGAGGCTCGA,83510cda2d1e73fb57b05403d4f89037
91,863d6aaa23ad659c8cc1284b93fa0124,Firmicutes,Bacilli,Lactobacillales,Lactobacillaceae,Lactobacillus,Lactobacillus mucosae,0.7722033,863d6aaa23ad659c8cc1284b93fa0124,TTATCCGGATTTATTGGGCGTAAAGCGAGCGCAGGCGGTTTGATAAGTCTGATGTGAAAGCCTTTGGCTTAACCAAAGAAGTGCATCGGAAACTGTCAGACTTGAGTGCAGAAGAGGACAGTGGAATTCCATGTGTAGCGGTGGAATGCGTAGATATATGGAAGAACACCAGTGGCGAAGGCGGCTGTCTGGTCTGCAACTGACGCTGAGGCTCGA,863d6aaa23ad659c8cc1284b93fa0124
108,a0f1ef886f48e11779db61268207ef92,Firmicutes,Bacilli,Lactobacillales,Lactobacillaceae,Lactobacillus,Lactobacillus mucosae,0.7646662,a0f1ef886f48e11779db61268207ef92,TTATCCGGATTTATTGGGCGTAAAGCGAGCGCAGGCGGTTTGATAAGTCTGGTGTGAAAGCCTTTGGCTTAACCAAAGAAGTGCATCGGAAACTGTCAGACTTGAGTGCAGAAGAGGACAGTGGAACTCCATGTGTAGCGGTGGAATGCGTAGATATATGGAAGAACACCAGTGGCGAAGGCGGCTGTCTGGTCTGCAACTGACGCTGAGGCTCGA,a0f1ef886f48e11779db61268207ef92
115,a9d86806364eb6cf5b3f42211ea2ff59,Firmicutes,Bacilli,Lactobacillales,Lactobacillaceae,Lactobacillus,Lactobacillus mucosae,0.7786749,a9d86806364eb6cf5b3f42211ea2ff59,TTATCCGGATTTATTGGGCGTAAAGCGAGCGCAGGCGGTTTGATAAGTCTGATGTGAAAGCCTTTGGCTTAACCAAAGAAGTGCATCGGAAACTGTCAGACTTGAGTGCAGAAGAGGACAGTGGAACTCCATGTGTAGCGGTGGAATGCGTAGATATATGGAAGAACACCAGTGGCGAAGGCGGCTGTCTGGTCTGTAGCTGACGCTGAGGCTCGA,a9d86806364eb6cf5b3f42211ea2ff59
142,d84c195954ab1a80415f070530b51530,Firmicutes,Bacilli,Lactobacillales,Lactobacillaceae,Lactobacillus,Lactobacillus mucosae,0.7547613,d84c195954ab1a80415f070530b51530,TTATCCGGATTTATTGGGCGTAAAGCGAGCGCAGGCGGTTTGATAAGTCTGATGTGAAAGCCTTTGGCTTAACCAAAGAAGTGCATCGGAAACTGTCAGACTTGAGTGCAGAAGAGGACAGTGGAACTACATGTGTAGCGGTGGAATGCGTAGATATATGGAAGAACACCAGTGGCGAAGGCGGCTGTCTGGTCTGCAACTGACGCTGAGGCTCGA,d84c195954ab1a80415f070530b51530
143,d9184061fc17c0c4f11d74d0954ba831,Firmicutes,Bacilli,Lactobacillales,Lactobacillaceae,Lactobacillus,Lactobacillus mucosae,0.7541464,d9184061fc17c0c4f11d74d0954ba831,TTATCCGGATTTATTGGGCGTAAAGCGAGCGCAGGCGGTTTGATAAGTCTGATGTGAAAGCCTTTGGCTTAACCAAAGAAGTGCATCGGAAACTGTCAGACTTGAGTGCAGAAGAGGACAGTGGAACTCCATGTGTAGCGGTGGAATGCGTAGATATATGGAAGAACACCAGTGGCGAAGGCGGCTGTCTGGTCTGCAGCTGACGCTGAGGCTCGA,d9184061fc17c0c4f11d74d0954ba831
148,e1f231185deb4051acb8ab830a39a6bb,Firmicutes,Bacilli,Lactobacillales,Lactobacillaceae,Lactobacillus,Lactobacillus mucosae,0.7490339,e1f231185deb4051acb8ab830a39a6bb,TTATCCGGATTTATTGGGCGTAAAGCGAGCGCAGGCGGTTTGATAAGTCTGATGTGAAAGCCTTTGGCTTAACCAAAGAAGTGCATCGGAAACTGTCAGACTTGAGTGCAGAAGAGGACAGTGGAACTCCATGTGTAGCGGTGGAATGCGTAGATATATGGAAGAACACCAGTGGCGAAGGCGGCTGTCTGGTATGCAACTGACGCTGAGGCTCGA,e1f231185deb4051acb8ab830a39a6bb
38,34d505b162fedc9d8529d2525759ad5e,Firmicutes,Bacilli,Lactobacillales,Lactobacillaceae,Lactobacillus,Lactobacillus murinus,0.8637374,34d505b162fedc9d8529d2525759ad5e,TTATCCGGATTTATTGGGCGTAAAGGGAACGCAGGCGGTCTTTTAAGTCTGATGTGAAAGCCTTCGGCTTAACCGGAGTAGTGCATTGGAAACTGGGAGACTTGAGTGCAGAAGAGGAGAGTGGAACTCCATGTGTAGCGGTGAAATGCGTAGATATATGGAAGAACACCAGTGGCGAAAGCGGCTCTCTGGTCTGTAACTGACGCTGAGGTTCGA,34d505b162fedc9d8529d2525759ad5e
99,940e3cc21518c389e455e92f42a90af6,Firmicutes,Bacilli,Lactobacillales,Lactobacillaceae,Lactobacillus,Lactobacillus pontis,0.9821759,940e3cc21518c389e455e92f42a90af6,TTATCCGGATTTATTGTGCGTAAAGCGAGCGCAGGCGGTTACTTAAGTCTGATGTGAAAGCCTTCGGCTTAACCGAAGAAGTGCATCGGAAACTGGGTGACTTGAGTGCAGAAGAGGACAGTGGAACTCCATGTGTAGCGGTGGAATGCGTAGATATATGGAAGAACACCAGTGGCGAAGGCGGCTGTCTGGTCTGCAACTGACGCTGAGGCTCGA,940e3cc21518c389e455e92f42a90af6
106,9cadc642d64ae5a555875d494fef3313,Firmicutes,Bacilli,Lactobacillales,Lactobacillaceae,Lactobacillus,Lactobacillus pontis,0.9778037,9cadc642d64ae5a555875d494fef3313,TTATCCGGATTTATTGGGCGTAAAGCGAGCGCAGGCGGTTACTTAAGTCTGATGTGAAAGCCTTCGGCTTAACCGAAGAAGTGCATCGGAAACTGGGTGACTTGAGTGCAGAAGAGGACAGTGGAACTCCATGTGTAGCGGTGGAATGCGTAGATATATGGAAGAACACCAGTGGCGAAGGCGGCTGTCTGGTATGCAACTGACGCTGAGGCTCGA,9cadc642d64ae5a555875d494fef3313
112,a794bf6c03120cdc3fa6d63131714c38,Firmicutes,Bacilli,Lactobacillales,Lactobacillaceae,Lactobacillus,Lactobacillus pontis,0.9788629,a794bf6c03120cdc3fa6d63131714c38,TTATCCGGATTTATTGGGCGTAAAGCGAGCGCAGGCGGTTACTTAAGTCTGATGTGAAAGCCTTCGGCTTAACCGAAGAAGTGCATCGGAAACTGGGTGACTTGAGTGCAGAAGAGGACAGTGGAACTCCATGTGTAGCGGTGGAACGCGTAGATATATGGAAGAACACCAGTGGCGAAGGCGGCTGTCTGGTCTGCAACTGACGCTGAGGCTCGA,a794bf6c03120cdc3fa6d63131714c38
125,b987f8e2ed4c2dd7ed915f96f332db1a,Firmicutes,Bacilli,Lactobacillales,Lactobacillaceae,Lactobacillus,Lactobacillus pontis,0.9807339,b987f8e2ed4c2dd7ed915f96f332db1a,TTATCCGGATTTATTGGGCGTAAAGCGAGCGCAGGCGGTTACTTAAGTCTGATGTGAAAGCCTTCGGCTTAACCGAAGAAGTGAATCGGAAACTGGGTGACTTGAGTGCAGAAGAGGACAGTGGAACTCCATGTGTAGCGGTGGAATGCGTAGATATATGGAAGAACACCAGTGGCGAAGGCGGCTGTCTGGTCTGCAACTGACGCTGAGGCTCGA,b987f8e2ed4c2dd7ed915f96f332db1a
130,bec9c5cbc0a434862641bf9085a19dba,Firmicutes,Bacilli,Lactobacillales,Lactobacillaceae,Lactobacillus,Lactobacillus pontis,0.9736808,bec9c5cbc0a434862641bf9085a19dba,TTATCCGGATTTATTGGGCGTAAAGCGAGCGCAGGCGGTTACTTAAGTCTGATGTGAAAGCCTTCGGCTTAACCGAAGAAGTGCATCGGAAACTGGGTGACTTGAGTGCAGAAGAGGACAGTGGAACTCCATGTGTAGCGGTGGAATGCGTAGATATATGGAAGAACACCAGTGGCGAAGGCGGCTGTCTGGTCTGCAACTGACGCTGAGGCTCGA,bec9c5cbc0a434862641bf9085a19dba
132,c0856207b985466735e1c220665cb3f3,Firmicutes,Bacilli,Lactobacillales,Lactobacillaceae,Lactobacillus,Lactobacillus pontis,0.8425179,c0856207b985466735e1c220665cb3f3,TTATCCGGATTTATTGGGCGTAAAGCGAGCGCAGGCGGTTACTTAAGTCTGATGTGAAAGCCTTCGGCTTAACCGAAGAAGTGCATCGGAAACTGAGTGACTTGAGTGCAGAAGAGGACAGTGGAACTCCATGTGTAGCGGTGGAATGCGTAGATATATGGAAGAACACCAGTGGCGAAGGCGGCTGTCTGGTCTGCAACTGACGCTGAGGCTCGA,c0856207b985466735e1c220665cb3f3
160,ee506ae349b6e1651818bfd003ae805d,Firmicutes,Bacilli,Lactobacillales,Lactobacillaceae,Lactobacillus,Lactobacillus pontis,0.9803742,ee506ae349b6e1651818bfd003ae805d,TTATCCGGATTTATTGGGCGTAAAGCGAGCGCGGGCGGTTACTTAAGTCTGATGTGAAAGCCTTCGGCTTAACCGAAGAAGTGCATCGGAAACTGGGTGACTTGAGTGCAGAAGAGGACAGTGGAACTCCATGTGTAGCGGTGGAATGCGTAGATATATGGAAGAACACCAGTGGCGAAGGCGGCTGTCTGGTCTGCAACTGACGCTGAGGCTCGA,ee506ae349b6e1651818bfd003ae805d
140,d51e7744fce477128053adb2ea069916,Firmicutes,Bacilli,Lactobacillales,Lactobacillaceae,Lactobacillus,Lactobacillus reuteri,0.7565122,d51e7744fce477128053adb2ea069916,TTATCCGGATTTATTGGGCGTAAAGCGAGCGCAGGCGGTTACTTAGGTCTGATGTGAAAGCCTTCGGCTTAACCGAAGAAGTGCATCGGAAACCGGGCGACTTGAGTGCAGAAGAGGACAGTGGAACTCCATGTGTAGCGGTGGAATGCGTAGATATATGGAAGAACACCAGTGGCGAAGGCGGCTGTCTGGTCTGCAACTGACGCTGAGGCTCGA,d51e7744fce477128053adb2ea069916
43,411392cb4be261a2b55385835df3685b,Firmicutes,Bacilli,Lactobacillales,Lactobacillaceae,Lactobacillus,Lactobacillus salivarius,0.8795594,411392cb4be261a2b55385835df3685b,TTGTCCGGATTTATTGGGCGTAAAGGGAACGCAGGCGGTCTTTTAAGTCTGATGTGAAAGCCTTCGGCTTAACCGGAGTAGTGCATTGGAAACTGGAAGACTTGAGTGCAGAAGAGGAGAGTGGAACTCCATGTGTAGCGGTGAAATGCGTAGATATATGGAAGAACACCAGTGGCGAAAGCGGCTCTCTGGTCTGTAACTGACGCTGAGGTTCGA,411392cb4be261a2b55385835df3685b
60,55b4e49878676da6ac7e60a18f1231ee,Firmicutes,Bacilli,Lactobacillales,Lactobacillaceae,Lactobacillus,Lactobacillus salivarius,0.705526,55b4e49878676da6ac7e60a18f1231ee,TTGTCCGGATTTATTGGGCGTAAAGGTAACGCAGGCGGTCTTTTAAGTCTGATGTGAAAGCCTTCGGCTTAACCGGAGTAGTGCATTGGAAACTGGAAGACTTGAGTGCAGAAGAGGAGAGTGGAACTCCATGTGTAGCGGTGAAATGCGTAGATATATGGAAGAACACCAGTGGCGAAAGCGGCTCTCTGGTCTGTAACTGACGCTGAGGTTCGA,55b4e49878676da6ac7e60a18f1231ee
68,60b70419c1aaa42da094013397e573cf,Firmicutes,Bacilli,Lactobacillales,Lactobacillaceae,Lactobacillus,Lactobacillus salivarius,0.7396839,60b70419c1aaa42da094013397e573cf,TTGTCCGGATTTATTGGGCGTAAAGGGAACGCAGGCGGTCTTTTAAGTCTGATGTGAAAGCCTTCGGCTTAACCGGAGTAGTGCATTGGAAACTGGAAGACTTGAGTGCAGAAGAGGAGAGTGGAACTCCATGTGTAGCGGTGAAATGCGTAGATATATGGAAGAACACCAGTGGCGAAGGCGGCTCTCTGGTCTGTAACTGACGCTGAGGTTCGA,60b70419c1aaa42da094013397e573cf
110,a6444905b56a4cee23e474cf03932c29,Firmicutes,Bacilli,Lactobacillales,Lactobacillaceae,Lactobacillus,Lactobacillus salivarius,0.7165708,a6444905b56a4cee23e474cf03932c29,TTGTCCGGATTTATTGGGCGTAAAGGGAACGCAGGCGGTCTTTTAAGTCTGATGTGAAAGACTTCGGCTTAACCGGAGTAGTGCATTGGAAACTGGAAGACTTGAGTGCAGAAGAGGAGAGTGGAACTCCATGTGTAGCGGTGAAATGCGTAGATATATGGAAGAACACCAGTGGCGAAAGCGGCTCTCTGGTCTGTAACTGACGCTGAGGTTCGA,a6444905b56a4cee23e474cf03932c29
5,05d668a9bbb357259ccca4a639c30a2c,Firmicutes,Bacilli,Lactobacillales,Lactobacillaceae,Lactobacillus,Lactobacillus sp. oral taxon 052,0.9781607,05d668a9bbb357259ccca4a639c30a2c,TTATCCGGATTTATTGGGCGTAAAGCGAGCGCAGGCGGTTTTCTAAGTCTGATGTGAAAGCCTTCGGCTTAACCGAAGAAGGGCATCGGAAACTGGATGACTTGAGTGCAGAAGAAGACAGTGGAACTCCATGTGTAGCGGTGGAATGCGTAGATATATGGAAGAACACCAGTGGCGAAGGCGGCTGCCTAGTCTGCAACTGACGCTGAGGCTCGA,05d668a9bbb357259ccca4a639c30a2c
7,092f54ab7093fc271992857962a8177e,Firmicutes,Bacilli,Lactobacillales,Lactobacillaceae,Lactobacillus,Lactobacillus sp. oral taxon 052,0.990886,092f54ab7093fc271992857962a8177e,TTATCCGGATTTATTGGGCGTAAAGCGAGTGCAGGCGGTTTTCTAAGTCTGATGTGAAAGCCTTCGGCTTAACCGAAGAAGGGCATCGGAAACTGGATGACTTGAGTGCAGAAGAGGGCAGTGGAACTCCATGTGTAGCGGTGGAATGCGTAGATATATGGAAGAACACCAGTGGCGAAGGCGGCTGCCTAGTCTGCAACTGACGCTGAGGCTCGA,092f54ab7093fc271992857962a8177e
62,57acdbd7ba17a1e7126617680647b5d0,Firmicutes,Bacilli,Lactobacillales,Lactobacillaceae,Lactobacillus,Lactobacillus sp. oral taxon 052,0.992724,57acdbd7ba17a1e7126617680647b5d0,TTATCCGGATTTATTGGGCGTAAAGCGAGCGCAGGCGGTTTTCTAAGTCTGATGTGAAAGCCTTCGGCTTAACCGAAGAAGGGCATCGGAAACTGGATGACTTGAGTGCAGAAGAGGGCAGTGGAACTCCATGTGTAGCGGTGGAATGCGTAGATATATGGAAGAACACCAGTGGCGAAGGCGGCTGCCTAGTCTGCAACTGACGCTGAGGCTCGA,57acdbd7ba17a1e7126617680647b5d0
141,d62e5a96e636cc7944c65b54410fdaa0,Firmicutes,Bacilli,Lactobacillales,Lactobacillaceae,Lactobacillus,Lactobacillus sp. oral taxon 052,0.9542359,d62e5a96e636cc7944c65b54410fdaa0,TTATCCGGATTTATTGGGCGTAAAGCGAGCGCAGGCGGTTGCTTAGGTCTGATGTGAAAGCCTTCGGCTTAACCGAAGAAGGGCATCGGAAACTGGATGACTTGAGTGCAGAAGAGGGCAGTGGAACTCCATGTGTAGCGGTGGAATGCGTAGATATATGGAAGAACACCAGTGGCGAAGGCGGCTGCCTAGTCTGCAACTGACGCTGAGGCTCGA,d62e5a96e636cc7944c65b54410fdaa0
34,313a14b037fe0a7af1ae40d84943c288,Firmicutes,Bacilli,Lactobacillales,Lactobacillaceae,Lactobacillus,Lactobacillus vaginalis,0.8884613,313a14b037fe0a7af1ae40d84943c288,TTATCCGGATTTATTGGGCGTAAAGCGAGCGCAGGCGGTTGCTTAGGTCTGATGTGAAAGCCTTCGGCTTAACCGAAGAAGGGCATCGGAAACCGGGCGACTTGAGTGCAGAAGAGGACAGTGGAACTCCATGTGTAGCGGTGGAATGCGTAGATATATGGAAGAACACCAGTGGCGAAGGCGGCTGTCTGGTCTGCAACTGACGCTGAGGCTCGA,313a14b037fe0a7af1ae40d84943c288
61,57273d2a5270403accecdd7ad85d0565,Firmicutes,Bacilli,Lactobacillales,Lactobacillaceae,Lactobacillus,Lactobacillus vaginalis,0.7554938,57273d2a5270403accecdd7ad85d0565,TTATCCGGATTTATTGGGCGTAAAGCGAGCACAGGCGGTTGCTTAGGTCTGATGTGAAAGCCTTCGGCTTAACCGAAGAAGGGCATCGGAAACCGGGCGACTTGAGTGCAGAAGAGGACAGTGGAACTCCATGTGTAGCGGTGGAATGCGTAGATATATGGAAGAACACCAGTGGCGAAGGCGGCTGTCTGGTCTGCAACTGACGCTGAGGCTCGA,57273d2a5270403accecdd7ad85d0565
75,6fd84ab209a5ca3f147e69a54a8b3c80,Firmicutes,Bacilli,Lactobacillales,Lactobacillaceae,Lactobacillus,Lactobacillus vaginalis,0.8458361,6fd84ab209a5ca3f147e69a54a8b3c80,TTATCCGGATTTATTGGGCGTAAAGCGAGCGCAGGCGGTTGCTTAGGTCTGATGTGAAAGCCTTCGGCTTAACCGAAGAAGGGCATCGGAAACCGTGCGACTTGAGTGCAGAAGAGGACAGTGGAACTCCATGTGTAGCGGTGGAATGCGTAGATATATGGAAGAACACCAGTGGCGAAGGCGGCTGTCTGGTCTGCAACTGACACTGAGGCTCGA,6fd84ab209a5ca3f147e69a54a8b3c80
147,e0d66afca33c45bfb8e4ab234f3263a9,Firmicutes,Bacilli,Lactobacillales,Lactobacillaceae,Lactobacillus,Lactobacillus vaginalis,0.8854781,e0d66afca33c45bfb8e4ab234f3263a9,TTAACCGGATTTATTGGGCGTAAAGCGAGCGCAGGCGGTTGCTTAGGTCTGATGTGAAAGCCTTCGGCTTAACCGAAGAAGGGCATCGGAAACCGGGCGACTTGAGTGCAGAAGAGGACAGTGGAACTCCATGTGTAGCGGTGGAATGCGTAGATATATGGAAGAACACCAGTGGCGAAGGCGGCTGTCTGGTCTGCAACTGACGCTGAGGCTCGA,e0d66afca33c45bfb8e4ab234f3263a9
158,ecbfdd44542c08e626648c6eb5c74301,Firmicutes,Bacilli,Lactobacillales,Lactobacillaceae,Lactobacillus,Lactobacillus vaginalis,0.8807164,ecbfdd44542c08e626648c6eb5c74301,TTATCCGGATTTATTGGGCGTAAAGCGAGCGCAGGCGGTTGCTTAGGTCTGATGTGAAAGCCTTCGGCTTAACCGAAGAAGGGCATCGGAAACCGTGCGACTTGAGTGCAGAAGAGGACAGTGGAACTCCATGTGTAGCGGTGGAATGCGTAGATATATGGAAGAACACCAGTGGCGAAGGCGGCTGTCTGGTCTGCAACTGACGCTGAGGCTCGA,ecbfdd44542c08e626648c6eb5c74301
57,51d8dfab5a78d3d9013d89e5721e7b25,Firmicutes,Bacilli,Lactobacillales,Lactobacillaceae,Lactobacillus,uncultured bacterium,0.7247683,51d8dfab5a78d3d9013d89e5721e7b25,TTGTCCGGATTTATTGGGCGTAAAGGGAACGCAGGCGGTCTTTTAAGTCTGATGTGAAAGCCTTCGGCTTAACCGGAGTAGTGCATTGGAAACTGGGAGACTTGAGTGCAGAAGAGGAGAGTGGAACTCCATGTGTAGCGGTGGAATGCGTAGATATATGGAAGAACACCAGTGGCGAAGGCGGCTGTCTGGTCTGCAACTGACGCTGAGGCTCGA,51d8dfab5a78d3d9013d89e5721e7b25
111,a6f15a89920dd0c00519c9b959a7331a,Firmicutes,Bacilli,Lactobacillales,Lactobacillaceae,Lactobacillus,uncultured bacterium,0.7704527,a6f15a89920dd0c00519c9b959a7331a,TTATCCGGATTTATTGGGCGTAAAGCGAGCGCAGGCGGTTCAATAAGTCTGATGTGAAAGCCTTCGGCTCAACCGGAGAATTGCATCAGAAACTGTTGAACTTGAGTGCAGAAGAGGAGAGTGGAACTCCATGTGTAGCGGTGGAATGCGTAGATATATGGAAGAACACCAGTGGCGAAAGCGGCTCTCTGGTCTGTAACTGACGCTGAGGTTCGA,a6f15a89920dd0c00519c9b959a7331a